,GLON,GLAT,proba_BLL,proba_FSRQ,label
0,307.70898,-42.729538,0.9582863781671375,0.041713621832862514,BLLlike
1,109.38164,-36.411484,0.9632944768628574,0.036705523137142544,BLLlike
2,111.004486,-30.771994,0.9657315879971008,0.03426841200289924,BLLlike
16,114.974655,-38.41322,0.9219643660040349,0.0780356339959651,BLLlike
18,104.761604,-69.51759,0.9700910926851212,0.02990890731487885,BLLlike
19,70.318275,-84.105675,0.9421272942314936,0.057872705768506456,BLLlike
21,121.13443,1.8261667,0.9794793302204441,0.020520669779555946,BLLlike
22,100.58408,-79.825195,0.9627360360306878,0.03726396396931223,BLLlike
24,121.53531,0.12189149,0.9414832747344994,0.05851672526550051,BLLlike
26,112.1175,-83.1215,0.9427748221002454,0.05722517789975452,BLLlike
27,303.49277,-46.309517,0.9348774567552534,0.06512254324474664,BLLlike
28,303.44296,-53.33411,0.9882089562883235,0.011791043711676509,BLLlike
29,123.01039,1.8703632,0.9457370662787834,0.054262933721216586,BLLlike
30,123.732124,-17.740635,0.9673673179680338,0.03263268203196627,BLLlike
32,123.66344,0.57604647,0.9485587399274825,0.05144126007251745,BLLlike
36,300.84314,-54.403248,0.9323386891918279,0.06766131080817205,BLLlike
37,124.92797,-17.86201,0.9703943463682428,0.02960565363175711,BLLlike
38,127.39341,-52.764793,0.9861855561881834,0.0138144438118166,BLLlike
39,132.989,-70.92556,0.9104185320642217,0.08958146793577829,BLLlike
40,127.72831,-27.977003000000003,0.924671109969491,0.07532889003050904,BLLlike
41,236.6043,-84.2885,0.9831499395554054,0.016850060444594583,BLLlike
43,296.8381,-56.66605,0.9350294718080245,0.06497052819197542,BLLlike
47,297.91083,-49.010098,0.9476989324709506,0.052301067529049415,BLLlike
49,290.05676,-62.33528,0.9672517336052237,0.03274826639477636,BLLlike
51,244.7201,-78.62133,0.9097819692741707,0.09021803072582933,BLLlike
52,192.49397,-78.132126,0.9604838660404891,0.03951613395951097,BLLlike
53,126.94713,8.414599,0.9805203359388421,0.0194796640611579,BLLlike
57,132.83993999999998,-12.919026,0.9822689905677954,0.017731009432204587,BLLlike
58,131.96813999999998,-7.508969,0.9193197917134822,0.08068020828651781,BLLlike
59,153.99018999999996,-58.14662,0.989386095943116,0.010613904056884019,BLLlike
62,138.85968,-27.553938,0.9252506804093633,0.07474931959063665,BLLlike
63,140.86646000000005,-30.656414,0.9777763371574106,0.02222366284258933,BLLlike
65,143.97766,-33.213352,0.915586355448133,0.08441364455186695,BLLlike
72,128.05937,15.830147,0.9519940404539878,0.048005959546012195,BLLlike
74,145.00188,-23.465021,0.9736411169332796,0.02635888306672037,BLLlike
76,138.82658,-6.920497,0.9661800508704343,0.03381994912956569,BLLlike
81,201.90068,-61.187057,0.9885079495214757,0.01149205047852429,BLLlike
85,170.74868999999995,-44.826824,0.962716129185157,0.03728387081484298,BLLlike
87,151.80461,-21.519827,0.9793371741962863,0.0206628258037137,BLLlike
89,135.96774,6.464967700000001,0.9773876946722379,0.022612305327762195,BLLlike
91,191.49574,-52.37003,0.9684791780353309,0.03152082196466911,BLLlike
92,162.51157,-31.580492,0.9393339314741439,0.06066606852585613,BLLlike
96,259.68732,-55.260857,0.9626743928388471,0.0373256071611528,BLLlike
97,161.34569,-24.651138,0.9612080483459925,0.038791951654007485,BLLlike
100,197.75139,-49.97398,0.9173571944951348,0.08264280550486526,BLLlike
104,222.41309,-54.09932,0.909136277430869,0.09086372256913097,BLLlike
105,133.08284,15.5278635,0.9675180096012292,0.03248199039877081,BLLlike
109,277.24048,-44.547157,0.957497684206854,0.042502315793146055,BLLlike
111,278.07047,-43.70364,0.9701424424415073,0.02985755755849268,BLLlike
114,165.06317,-15.846429,0.9769563429394196,0.023043657060580456,BLLlike
116,267.7967,-44.4116,0.9187981781255422,0.08120182187445778,BLLlike
117,169.287,-18.876911,0.9565813720391848,0.04341862796081522,BLLlike
118,241.17305,-47.41337,0.9481326403307303,0.051867359669269676,BLLlike
121,155.9795,-4.0844064,0.9286731778317359,0.07132682216826416,BLLlike
122,147.84787,4.502063,0.9654168275514071,0.03458317244859291,BLLlike
123,247.90213,-46.22139,0.9614623930026049,0.03853760699739503,BLLlike
124,141.52463,11.549909,0.9505611652611806,0.04943883473881938,BLLlike
125,204.1875,-37.316967,0.9601041851402131,0.03989581485978692,BLLlike
131,168.1489,-10.0205345,0.9683514128915078,0.031648587108492214,BLLlike
132,170.8893,-11.945811,0.982833097259468,0.017166902740531984,BLLlike
133,286.03894,-35.183907,0.9757434347274128,0.024256565272587224,BLLlike
134,247.29578,-41.943344,0.922983648969355,0.07701635103064496,BLLlike
138,237.51018,-40.132076,0.9195153337399341,0.0804846662600659,BLLlike
144,142.83818,15.154042,0.9790534056061039,0.020946594393896095,BLLlike
145,262.0749,-37.85432,0.9744278759241006,0.02557212407589939,BLLlike
146,173.581,-7.042043700000002,0.9818017750403665,0.018198224959633576,BLLlike
147,157.9172,5.7684875,0.9885704712134812,0.011429528786518863,BLLlike
149,172.27283,-3.4122436,0.9680496067752439,0.03195039322475609,BLLlike
150,223.49472000000003,-31.05827,0.9227672306828977,0.07723276931710232,BLLlike
151,228.18494,-29.828896000000004,0.9689062142838425,0.03109378571615749,BLLlike
152,295.53348,-29.492304,0.9003831535695302,0.09961684643046978,BLLlike
154,145.55891,17.063442000000002,0.9434461399826545,0.056553860017345484,BLLlike
163,215.56586,-22.109112,0.9714907747513046,0.028509225248695393,BLLlike
165,173.39816000000005,2.4336996,0.9018125134338062,0.09818748656619382,BLLlike
168,198.3665,-12.429696,0.9404699470049547,0.05953005299504528,BLLlike
171,300.43027,-27.781254,0.9195364198354662,0.08046358016453382,BLLlike
175,152.54977,15.737077,0.9933277457690559,0.00667225423094408,BLLlike
176,213.75029,-18.678402,0.910260322573851,0.08973967742614895,BLLlike
178,250.34694,-28.998217,0.9803697808847562,0.01963021911524373,BLLlike
183,258.22327,-29.532024,0.9596350080711411,0.04036499192885891,BLLlike
184,214.26372,-16.652565,0.9855512896062046,0.014448710393795312,BLLlike
185,209.02574,-14.076961,0.9322016145875384,0.06779838541246168,BLLlike
188,226.81735,-20.877516,0.9700333272045748,0.029966672795425146,BLLlike
190,269.95184,-29.485565,0.968716405838285,0.031283594161715014,BLLlike
193,256.91864,-26.58731,0.9682425733037218,0.031757426696278256,BLLlike
194,254.97485,-26.120237,0.9557561948913148,0.04424380510868519,BLLlike
195,236.06233,-20.94384,0.9535955540176068,0.04640444598239321,BLLlike
201,189.18173,3.7160628,0.9930170041325618,0.006982995867438208,BLLlike
203,258.80237,-25.318722,0.9194051377455348,0.08059486225446526,BLLlike
206,144.11327,23.350372,0.9780208820621762,0.021979117937823853,BLLlike
207,158.7006,19.648283,0.98881452260228,0.011185477397719973,BLLlike
208,156.58951000000005,20.744526,0.9325043220748778,0.0674956779251222,BLLlike
214,261.33643,-21.152489000000006,0.9481360117083149,0.05186398829168511,BLLlike
217,174.26587,18.768856,0.9873690045822004,0.012630995417799565,BLLlike
218,256.94128,-18.510597,0.9845556717174198,0.01544432828258025,BLLlike
220,261.42136,-19.538681,0.9734410394267734,0.026558960573226587,BLLlike
222,180.7958,17.265383,0.9770639414618467,0.022936058538153326,BLLlike
223,199.74765,9.185146,0.9711889647090999,0.028811035290900174,BLLlike
226,214.63525,3.169934,0.9183034596250947,0.08169654037490527,BLLlike
227,198.78328,11.710553,0.9798662487571671,0.0201337512428329,BLLlike
229,275.3795,-22.16661,0.9778065982001866,0.022193401799813453,BLLlike
231,238.51823,-7.031333,0.9369477955057588,0.06305220449424118,BLLlike
233,261.3225,-16.35298,0.9514147727054277,0.048585227294572236,BLLlike
236,243.86371,-7.36004,0.9742544079381362,0.025745592061863738,BLLlike
238,261.8359,-15.375998,0.9870027680655354,0.012997231934464578,BLLlike
239,222.05637,4.934131,0.9858643761667347,0.014135623833265259,BLLlike
240,149.94328000000004,28.619455,0.9824032152958432,0.01759678470415683,BLLlike
242,257.54132000000004,-11.757423,0.9261655681159309,0.07383443188406909,BLLlike
249,254.56902,-7.9989777,0.9936672285095484,0.006332771490451691,BLLlike
250,255.38487,-8.106514,0.9072393965622951,0.09276060343770484,BLLlike
251,226.19887000000003,8.759922,0.9693647951917379,0.030635204808262116,BLLlike
252,258.43652000000003,-9.101469,0.9638616105891227,0.03613838941087732,BLLlike
254,255.02257000000003,-6.0622997000000005,0.9804995459792781,0.019500454020721873,BLLlike
256,233.95619,7.613154,0.9079759254936507,0.09202407450634928,BLLlike
258,183.37364,29.111372,0.9053843285923684,0.09461567140763162,BLLlike
260,214.02026,18.860508,0.9891739456967186,0.010826054303281403,BLLlike
266,150.00768,33.13357,0.9507383956487222,0.049261604351277764,BLLlike
268,236.69914,12.420677,0.9717206670680918,0.028279332931908225,BLLlike
269,274.89673,-12.734328,0.9558832913712816,0.04411670862871842,BLLlike
272,259.43716,-1.6513584,0.986243144570385,0.01375685542961501,BLLlike
276,276.2241,-11.749917,0.9636256409604196,0.03637435903958047,BLLlike
278,181.42084,36.907322,0.9629383064843263,0.03706169351567365,BLLlike
279,247.80872,9.873266,0.919057765732468,0.08094223426753201,BLLlike
280,147.8028,35.601807,0.9939630664598196,0.00603693354018045,BLLlike
283,263.694,0.16362005,0.9003717033356775,0.09962829666432255,BLLlike
291,277.4936,-9.854091,0.9709005802810599,0.02909941971894011,BLLlike
295,228.01486,28.68305,0.9700250901737578,0.02997490982624217,BLLlike
297,268.28357,-0.579613,0.9908613492654141,0.00913865073458586,BLLlike
298,180.92274,41.709335,0.919362346864621,0.08063765313537902,BLLlike
299,239.3205,23.89156,0.964409553718191,0.035590446281808984,BLLlike
301,246.85936,19.746801,0.9478769033635558,0.05212309663644419,BLLlike
302,154.41068,40.228348,0.9468468959973659,0.05315310400263405,BLLlike
303,269.4578,0.42970848,0.9098363700942009,0.09016362990579904,BLLlike
304,144.79068,37.850307,0.9858684043892757,0.01413159561072433,BLLlike
305,134.61452,33.796444,0.9733973758072476,0.02660262419275239,BLLlike
307,147.63333,39.31993,0.9813115317297226,0.01868846827027733,BLLlike
308,280.69565,-8.727072,0.9860026983918387,0.013997301608161235,BLLlike
310,275.3272,-2.1269085,0.9535363134003096,0.04646368659969032,BLLlike
311,275.101,-1.4034246,0.9445032995996552,0.05549670040034488,BLLlike
312,259.71167,15.074706,0.9710802298451254,0.028919770154874527,BLLlike
313,263.73978,11.231115,0.9919964800658417,0.008003519934158218,BLLlike
314,282.24362,-7.907418300000002,0.9621327619187753,0.03786723808122476,BLLlike
317,221.38269,41.727722,0.961826689426659,0.038173310573340904,BLLlike
319,164.78171,46.4867,0.9588787169538691,0.04112128304613094,BLLlike
322,275.93863,1.4039012,0.9880721559054361,0.011927844094563954,BLLlike
326,135.42438,36.49873,0.9720967291632086,0.02790327083679141,BLLlike
328,251.90317,29.602777000000003,0.9724779077217216,0.02752209227827845,BLLlike
332,277.95737,2.0954762,0.9419661189321145,0.058033881067885554,BLLlike
334,278.87955,2.6509616,0.9082527382751995,0.09174726172480052,BLLlike
336,282.71994,-1.0395072,0.9088139165824994,0.09118608341750052,BLLlike
337,149.18478000000005,46.906174,0.9769395520435755,0.02306044795642445,BLLlike
338,286.72684,-6.045768,0.9687742042460021,0.031225795753997917,BLLlike
340,274.9322,11.488272,0.9704028221176824,0.029597177882317693,BLLlike
342,150.70985,48.033752,0.9413151752242724,0.05868482477572752,BLLlike
345,240.99455,45.4017,0.9365534726376842,0.0634465273623158,BLLlike
347,212.51039,55.025196,0.9803918887577184,0.019608111242281553,BLLlike
349,281.41,3.197838,0.9254374093328028,0.07456259066719712,BLLlike
350,286.9498,-5.01415,0.9758437603073126,0.024156239692687483,BLLlike
353,259.60388,34.91793,0.9268575184125406,0.07314248158745937,BLLlike
354,253.87263,40.506702,0.9218583047010313,0.07814169529896875,BLLlike
355,135.25826999999998,39.973797,0.9268947432366749,0.07310525676332517,BLLlike
358,278.70816,12.615111,0.9773854851518979,0.02261451484810207,BLLlike
364,283.77615,7.726619,0.9665395196020283,0.033460480397971656,BLLlike
366,204.64984,63.073130000000006,0.9311859561376712,0.06881404386232881,BLLlike
367,288.8825700000001,-0.49147785,0.9512213601006938,0.048778639899306156,BLLlike
369,267.93097,36.770573,0.9619445926263777,0.038055407373622285,BLLlike
370,280.80298,17.069021,0.9365235812770815,0.06347641872291858,BLLlike
371,291.96155,-5.994655000000002,0.9607317206285363,0.039268279371463675,BLLlike
372,289.73248,-1.0710026,0.9706161878280348,0.02938381217196513,BLLlike
375,270.68393,35.060196000000005,0.9739192707829057,0.026080729217094298,BLLlike
378,261.6581,47.74298,0.9885739634760975,0.011426036523902533,BLLlike
381,270.48828,38.476677,0.9788986033720071,0.021101396627992965,BLLlike
384,255.47101,55.00294,0.9575779461235387,0.04242205387646127,BLLlike
385,291.1699,-0.33157378,0.979595199348465,0.020404800651535,BLLlike
386,241.15257000000003,62.982784,0.9670684427141233,0.03293155728587676,BLLlike
387,291.6333,-0.5680487,0.9918894205793924,0.00811057942060751,BLLlike
390,278.8841,31.809542,0.9509096056413032,0.04909039435869679,BLLlike
392,292.90384,-1.5064886,0.9514590827098128,0.0485409172901872,BLLlike
394,289.14804,9.30172,0.9706409198691011,0.029359080130898937,BLLlike
395,287.3825700000001,14.338709,0.9396367414418618,0.06036325855813815,BLLlike
397,289.20303,10.462621,0.9921681758967655,0.007831824103234453,BLLlike
399,294.79016,-1.0660292,0.9843889533044584,0.015611046695541628,BLLlike
400,275.43552,52.705055,0.9691361751857771,0.03086382481422289,BLLlike
402,296.13556,-1.3421633999999998,0.9623454994428187,0.037654500557181385,BLLlike
403,292.10828,15.363338,0.9371991700622144,0.06280082993778555,BLLlike
405,281.51202,49.33286,0.968359939558335,0.03164006044166502,BLLlike
406,296.6034,-0.5804385999999999,0.9593226940383218,0.040677305961678206,BLLlike
408,284.2849,46.457333,0.9684403187406627,0.031559681259337294,BLLlike
410,297.29086,0.59096277,0.9439604649883021,0.05603953501169789,BLLlike
411,287.09903,43.59164000000001,0.9702178150544367,0.029782184945563242,BLLlike
414,295.36453,11.636577,0.9362352649622407,0.0637647350377592,BLLlike
415,297.1379,2.4983559,0.9470612153773795,0.05293878462262049,BLLlike
417,294.93698,16.575975,0.9779461946368005,0.02205380536319942,BLLlike
419,299.0436,-6.4596033,0.9161996890925697,0.08380031090743029,BLLlike
421,296.79413,7.1539826,0.9821275822501747,0.017872417749825308,BLLlike
426,297.87177,2.383833,0.9251148825346148,0.0748851174653852,BLLlike
427,295.8925,18.079628,0.9737138888516839,0.026286111148316083,BLLlike
428,292.03503,38.777622,0.9581749469569449,0.041825053043055026,BLLlike
429,298.2074,3.5635238,0.9637029139544788,0.036297086045521204,BLLlike
434,293.20374,37.218723,0.9140669417528208,0.08593305824717923,BLLlike
436,298.5321,6.635302,0.9095377658363989,0.09046223416360108,BLLlike
437,294.01416,37.35705,0.965884254358203,0.034115745641797,BLLlike
439,289.7109,55.517765,0.9661013760294178,0.03389862397058215,BLLlike
441,185.42696,83.77291,0.9694662433645679,0.030533756635432074,BLLlike
443,300.85303,-6.535043,0.9267178109398557,0.07328218906014423,BLLlike
449,292.09222,80.16694,0.9639529580399279,0.03604704196007209,BLLlike
450,302.11172,0.30641162,0.9179822472833112,0.08201775271668878,BLLlike
451,302.8513200000001,8.465163,0.9155185745609373,0.0844814254390627,BLLlike
452,302.84363,13.151357999999998,0.9179654882542179,0.08203451174578215,BLLlike
454,303.53595,17.593110999999997,0.9834564421341535,0.01654355786584644,BLLlike
458,304.6154,28.74454,0.9523641433136204,0.04763585668637956,BLLlike
459,303.2183,-18.948784,0.9012704757576657,0.09872952424233426,BLLlike
460,304.9955700000001,15.58671,0.9736624652600706,0.026337534739929374,BLLlike
461,315.02512,74.62675,0.9545328623759076,0.04546713762409235,BLLlike
463,304.75537,2.0990448,0.9550426007353313,0.04495739926466869,BLLlike
465,313.75375,66.29058,0.9624485954983821,0.03755140450161782,BLLlike
466,305.28833,5.2880435,0.9776529548338245,0.022347045166175503,BLLlike
470,305.3724,0.24322052,0.9887982617559459,0.011201738244054104,BLLlike
472,316.16776,60.304085,0.9658258010282211,0.03417419897177885,BLLlike
475,313.3385,50.517628,0.9347977381593309,0.06520226184066909,BLLlike
478,306.23532,-0.26012644,0.9744997963492767,0.025500203650723214,BLLlike
486,308.88287,5.419637000000002,0.9725917213832778,0.02740827861672228,BLLlike
487,310.92352,16.413776000000002,0.913253521434159,0.08674647856584092,BLLlike
488,311.8878,21.23215,0.904030602094154,0.09596939790584604,BLLlike
489,310.88913,15.245246,0.9014560470269715,0.09854395297302855,BLLlike
490,311.6426,16.904009,0.9635143531219311,0.03648564687806885,BLLlike
492,317.89368,35.0721,0.9524337544990519,0.047566245500948116,BLLlike
497,318.63535,33.097652000000004,0.9364822661206538,0.06351773387934619,BLLlike
505,322.35284,36.00356,0.9915505412842918,0.008449458715708241,BLLlike
507,326.98172,45.06918,0.900957523909617,0.09904247609038291,BLLlike
509,319.79147,28.270546000000003,0.9356115769746401,0.06438842302535988,BLLlike
510,356.4016,68.211815,0.9757568455541631,0.024243154445836867,BLLlike
511,311.1162,-0.88337934,0.9805688256098534,0.0194311743901466,BLLlike
513,314.0735200000001,8.651647,0.9769336400344201,0.023066359965579965,BLLlike
519,73.327065,70.31529,0.9791758855217747,0.020824114478225252,BLLlike
520,312.33582,1.2964513,0.9749830010435067,0.025016998956493366,BLLlike
523,312.85535,2.6200995,0.9470387104661487,0.05296128953385122,BLLlike
524,115.75397,41.9148,0.9666640885621354,0.033335911437864595,BLLlike
525,310.85782,-4.899744,0.9003101582427259,0.09968984175727418,BLLlike
527,312.87186,0.06512243,0.9296394499141922,0.07036055008580774,BLLlike
528,311.66644,-3.5457487000000003,0.9637779498453358,0.03622205015466415,BLLlike
529,331.39285,43.081535,0.9174538554739742,0.08254614452602586,BLLlike
530,316.55426,10.213114,0.9388171426351464,0.061182857364853675,BLLlike
531,313.22205,0.17804383,0.9937175421606194,0.006282457839380676,BLLlike
533,313.2635,-0.06845592,0.9753261857735325,0.02467381422646752,BLLlike
534,313.5423,0.5613107,0.9905386572399465,0.009461342760053452,BLLlike
536,313.41385,-0.42384833,0.9911280878826064,0.008871912117393589,BLLlike
537,327.63544,34.012756,0.9814137879753462,0.018586212024653843,BLLlike
538,313.7369700000001,-0.040543556,0.9234113884666733,0.07658861153332674,BLLlike
540,306.9985,-18.08328,0.9647657384528632,0.03523426154713687,BLLlike
542,340.8523600000001,47.846813,0.9871120545238148,0.012887945476185169,BLLlike
543,321.00983,14.808187,0.912625287026814,0.08737471297318596,BLLlike
545,335.55966,36.23165,0.9836564500170859,0.016343549982914058,BLLlike
548,326.25168,20.676563,0.962617786789994,0.03738221321000601,BLLlike
550,114.4737,39.189945,0.9805185441924804,0.019481455807519612,BLLlike
555,341.5064,39.35992,0.9340785748836175,0.06592142511638256,BLLlike
557,325.81808,15.645249,0.9722894903859849,0.027710509614015062,BLLlike
560,320.58353,4.212443,0.9108123090039253,0.08918769099607471,BLLlike
561,317.61374,-1.5902919,0.9775226045550306,0.022477395444969368,BLLlike
562,338.6024,32.566704,0.9862800343764,0.01371996562360001,BLLlike
565,318.81912,-0.7763034000000001,0.9274811611313079,0.07251883886869218,BLLlike
566,73.499725,58.511356000000006,0.9647533164509126,0.03524668354908739,BLLlike
568,319.49637,-0.38275993,0.9187105129830209,0.08128948701697916,BLLlike
569,320.4883,1.0458133,0.9245583090745608,0.07544169092543919,BLLlike
571,320.56207,0.19531913,0.9720568324089529,0.027943167591047043,BLLlike
573,335.3334,22.515461,0.9668733469454954,0.03312665305450459,BLLlike
574,346.355,35.271126,0.9938046002371275,0.006195399762872572,BLLlike
578,320.9508,-0.5562225000000001,0.9000028741640721,0.09999712583592794,BLLlike
579,328.4281299999999,10.732751,0.9257808046609209,0.07421919533907904,BLLlike
580,324.25977,4.1421294,0.9831815573566692,0.01681844264333078,BLLlike
581,104.22222,43.894306,0.9875135080029511,0.012486491997048921,BLLlike
584,329.5874,9.672478,0.9857256833330675,0.014274316666932432,BLLlike
585,333.641,15.278664,0.9862342204054877,0.01376577959451228,BLLlike
586,340.2161,23.680557,0.9860199500055387,0.013980049994461372,BLLlike
587,15.902832,49.51332,0.9859360030889052,0.014063996911094808,BLLlike
589,30.415138,53.4925,0.9171193527472159,0.08288064725278413,BLLlike
591,349.88672,32.676884,0.9695225759553915,0.030477424044608473,BLLlike
594,334.0903,13.987453,0.9785186097690532,0.02148139023094677,BLLlike
595,326.29385,2.7899556,0.9721300973469411,0.02786990265305894,BLLlike
596,338.03766,18.343168,0.9360975366733039,0.06390246332669612,BLLlike
597,317.7071,-9.249748,0.9520054957568104,0.04799450424318963,BLLlike
598,322.79352,-2.2900991000000004,0.9932153083330326,0.00678469166696741,BLLlike
606,338.7878,17.532059,0.9868284941856168,0.013171505814383158,BLLlike
607,327.5067,2.5558697999999995,0.9291543150332582,0.07084568496674179,BLLlike
612,51.54255,52.225307,0.9509596865333917,0.04904031346660826,BLLlike
614,340.4869700000001,17.045454,0.932648901395951,0.067351098604049,BLLlike
616,328.58017,2.3707619,0.9781869911968502,0.02181300880314987,BLLlike
618,327.4324,0.22128148,0.9627975533545932,0.037202446645406805,BLLlike
619,93.4619,45.07481,0.9223334857366199,0.07766651426338009,BLLlike
622,33.57526,47.788612,0.9501501421795113,0.04984985782048866,BLLlike
623,105.408806,39.204456,0.9760672485078574,0.02393275149214262,BLLlike
624,318.14056,-11.981888,0.9470229838511438,0.0529770161488562,BLLlike
625,61.258816,49.79609,0.9402519127453264,0.05974808725467361,BLLlike
626,334.1076700000001,5.8580275,0.962410988037916,0.03758901196208395,BLLlike
628,38.542816,46.87446,0.9912896474751439,0.008710352524856128,BLLlike
629,324.73126,-5.699764,0.9923415300160133,0.0076584699839866936,BLLlike
630,5.843262,33.647053,0.9005400872645657,0.09945991273543432,BLLlike
632,26.246487,42.52129,0.9268149915558689,0.07318500844413114,BLLlike
636,325.4575200000001,-6.432849,0.9747121051594266,0.025287894840573318,BLLlike
638,27.855194,41.60764,0.9763492921422271,0.02365070785777294,BLLlike
640,16.489317,36.91513,0.9654809862674724,0.034519013732527595,BLLlike
643,358.67465,24.906782,0.9800451700225461,0.0199548299774539,BLLlike
644,329.747,-2.7063904,0.9396106329850981,0.06038936701490197,BLLlike
646,330.4759,-2.1694973,0.9099338027308446,0.09006619726915542,BLLlike
648,332.27985,-0.6312988,0.9910914404399498,0.008908559560050157,BLLlike
651,332.5897,-0.61530745,0.991921981599738,0.008078018400262033,BLLlike
652,333.19745,-0.019556167,0.9560349603640556,0.04396503963594441,BLLlike
654,333.54678,0.028379135,0.9822966571996943,0.01770334280030573,BLLlike
655,333.1138,-0.41640782,0.9834133739583447,0.016586626041655277,BLLlike
657,332.2804,-1.5072814,0.983882940909708,0.016117059090291992,BLLlike
658,317.67804,-15.5117035,0.9836716285614348,0.01632837143856529,BLLlike
659,335.53635,1.6242988,0.977705244458034,0.02229475554196605,BLLlike
661,337.36658,3.3590698,0.9560267731500185,0.04397322684998148,BLLlike
662,336.31992,2.2843673,0.9485593560590053,0.0514406439409947,BLLlike
663,353.5376,18.13641,0.9656677192913609,0.03433228070863918,BLLlike
664,319.62503,-13.964253,0.9610288346680743,0.038971165331925725,BLLlike
665,334.12347,-0.15421294,0.9933461004900469,0.006653899509953063,BLLlike
666,337.9752200000001,3.62773,0.9618456274712776,0.038154372528722474,BLLlike
667,341.18478,6.6912746,0.9808445721726485,0.019155427827351464,BLLlike
668,337.098,2.5854235,0.9101289762901321,0.08987102370986785,BLLlike
670,334.62524,-0.086029135,0.9631427912903268,0.03685720870967323,BLLlike
672,94.240456,40.180294,0.9760989788631403,0.023901021136859633,BLLlike
675,52.983753,43.236767,0.9841370486208971,0.015862951379102867,BLLlike
676,334.8154600000001,-0.35898736,0.9721396678451064,0.0278603321548936,BLLlike
677,337.36566,1.9523885,0.9832692766203098,0.01673072337969015,BLLlike
679,4.933165,24.830862,0.9778407313268411,0.0221592686731589,BLLlike
681,65.97261,43.12388,0.9215180844337074,0.07848191556629254,BLLlike
682,61.751534,42.903423,0.9478419325092323,0.05215806749076768,BLLlike
684,18.301313,31.330492,0.9769952906589133,0.02300470934108665,BLLlike
685,67.64059,42.460987,0.9449537063670295,0.05504629363297055,BLLlike
691,334.2512200000001,-3.3325295,0.9753107852427314,0.024689214757268613,BLLlike
692,338.07608,-0.024206404,0.9279405914409538,0.0720594085590463,BLLlike
695,38.63477,37.33094000000001,0.9596383445193335,0.04036165548066645,BLLlike
697,349.82294,9.242311,0.9652405305815902,0.034759469418409746,BLLlike
698,37.253548,36.10579,0.9746069584879516,0.02539304151204834,BLLlike
699,336.64355,-2.412195,0.9472494497173883,0.05275055028261169,BLLlike
700,35.057186,35.357185,0.932171073739057,0.06782892626094293,BLLlike
701,342.71228,2.7486176,0.9877166442714224,0.012283355728577604,BLLlike
703,340.81552,0.80478513,0.9032155799951249,0.09678442000487504,BLLlike
705,3.45151,18.349918,0.9575196483779937,0.04248035162200622,BLLlike
706,74.97876,39.960766,0.9416384115995137,0.058361588400486296,BLLlike
707,340.27917,-0.29197544,0.9086817948522282,0.09131820514777182,BLLlike
708,340.6873,0.03385913,0.9666286016280802,0.03337139837191986,BLLlike
709,351.98468,9.211561,0.9389304155701377,0.061069584429862295,BLLlike
712,318.62735,-17.656084,0.9619350462908959,0.03806495370910412,BLLlike
715,59.651196,38.683945,0.9743805950284188,0.025619404971581213,BLLlike
719,345.3499,2.281582,0.9874399865553882,0.012560013444611783,BLLlike
720,352.15524,7.651100599999999,0.9485853475521361,0.05141465244786395,BLLlike
721,14.976123,23.181635,0.9257569384147987,0.07424306158520129,BLLlike
722,354.99774,9.677605,0.9834475628374519,0.01655243716254805,BLLlike
724,345.826,2.2914202,0.9840816685112805,0.0159183314887195,BLLlike
725,339.87958,-2.5117924,0.992888559042774,0.007111440957226069,BLLlike
726,341.1368700000001,-1.5282781,0.956758901107775,0.04324109889222508,BLLlike
727,340.1869200000001,-2.4084165,0.9583675058854351,0.04163249411456492,BLLlike
728,17.664564000000006,23.927761,0.9923611318559417,0.007638868144058335,BLLlike
729,5.996065,16.788904000000002,0.9887251578166821,0.011274842183317852,BLLlike
731,343.5388,-0.1971766,0.92329029292304,0.07670970707696002,BLLlike
734,338.2998,-4.5099589999999985,0.9159271503845045,0.08407284961549559,BLLlike
735,340.72552,-2.7768900000000003,0.9417337785622087,0.05826622143779128,BLLlike
736,357.5202,9.937774,0.9860812129167479,0.013918787083252091,BLLlike
737,339.49985,-3.8463504,0.9464249993232867,0.05357500067671325,BLLlike
741,339.9514200000001,-4.042506,0.9632312754963117,0.03676872450368832,BLLlike
742,347.12744,1.362518,0.9838850767442785,0.016114923255721524,BLLlike
745,341.41403,-3.221086,0.9635649758619245,0.036435024138075485,BLLlike
746,340.88,-3.6233463,0.976629826785424,0.023370173214576056,BLLlike
748,341.8465,-2.992643,0.905431233205612,0.094568766794388,BLLlike
751,1.7542691000000004,10.944008,0.9838776265485566,0.016122373451443375,BLLlike
754,72.32396999999997,36.373783,0.9379868544292432,0.062013145570756795,BLLlike
755,354.31876,5.4216037,0.9905004254376346,0.009499574562365363,BLLlike
759,3.8427644,11.6571,0.9931682518105323,0.006831748189467708,BLLlike
760,346.18567,-1.1619184,0.9850554381177835,0.014944561882216491,BLLlike
761,8.504333500000001,13.857754000000002,0.9822118184003298,0.017788181599670168,BLLlike
763,352.65103,3.0092595,0.9570092144791083,0.04299078552089178,BLLlike
764,345.2255600000001,-2.4922395,0.9775648826932848,0.02243511730671516,BLLlike
765,45.051193,30.653633000000006,0.9827853049844508,0.017214695015549147,BLLlike
766,345.99246,-2.2298715,0.9895549958553167,0.010445004144683308,BLLlike
767,353.8027,3.2929642,0.9047625067670022,0.09523749323299777,BLLlike
768,332.6033,-11.504703999999998,0.9084988000437908,0.09150119995620923,BLLlike
769,347.2793,-1.4577785,0.993524748416348,0.006475251583652037,BLLlike
770,344.25586,-3.593265,0.9469249881517641,0.0530750118482359,BLLlike
772,345.82043,-2.828351,0.9195482285715328,0.0804517714284671,BLLlike
773,336.33395,-9.321285,0.9895795603821796,0.010420439617820403,BLLlike
775,344.60385,-3.9046657,0.9705665283438384,0.029433471656161583,BLLlike
776,28.94247,23.41902,0.9163816224059619,0.08361837759403809,BLLlike
779,33.367523,25.142637,0.9517015716727297,0.0482984283272703,BLLlike
780,348.62234,-1.4916632,0.9327967640753667,0.06720323592463325,BLLlike
781,354.60275,2.5378191,0.9715871366937605,0.028412863306239464,BLLlike
783,18.470137,17.479488,0.981496118472524,0.018503881527475997,BLLlike
785,347.05167,-3.0039513,0.9480920097644463,0.05190799023555367,BLLlike
786,356.50696,3.1954992,0.9199251301062423,0.08007486989375763,BLLlike
787,5.5827737,9.03229,0.9658649438231598,0.034135056176840185,BLLlike
789,357.6154,3.5134609,0.9755084479432048,0.024491552056795242,BLLlike
792,26.228373,20.227661,0.9843969849513385,0.015603015048661453,BLLlike
793,2.7944012000000003,6.5500183,0.9835885148281944,0.01641148517180558,BLLlike
795,351.72815,-0.82850605,0.9158282856080464,0.08417171439195359,BLLlike
797,8.730694,10.187956,0.9212119363959836,0.07878806360401633,BLLlike
803,357.961,2.6689675,0.9898751420110381,0.010124857988961889,BLLlike
804,19.738018,15.995311,0.9636270675239795,0.036372932476020435,BLLlike
805,350.60367,-2.3134854,0.9541021736915284,0.045897826308471605,BLLlike
806,13.218732,12.136191,0.9872763769890309,0.012723623010969132,BLLlike
808,0.04461896,3.5821339999999995,0.917336386585365,0.08266361341463507,BLLlike
809,0.9830721,3.9837453,0.9449258992689687,0.05507410073103125,BLLlike
810,358.287,2.120605,0.9817508794818293,0.018249120518170684,BLLlike
811,45.955902,26.698637,0.9789349143242935,0.021065085675706516,BLLlike
812,2.3330402,4.6021056,0.9468254266388756,0.053174573361124466,BLLlike
814,358.1375700000001,1.8106344,0.9678518624576874,0.03214813754231258,BLLlike
816,9.210132000000002,8.48901,0.976369379039831,0.023630620960169033,BLLlike
818,354.31274,-1.1655407,0.9428081517501711,0.05719184824982892,BLLlike
820,2.8952332000000003,4.0030327,0.9044624777673742,0.09553752223262574,BLLlike
823,3.3922303,4.190731,0.9622999946931141,0.03770000530688589,BLLlike
826,356.04126,-0.7371542,0.9828958159437474,0.01710418405625254,BLLlike
827,14.632079,10.609147,0.9227779787056125,0.07722202129438745,BLLlike
828,0.65823543,2.0539584,0.9656257771476198,0.034374222852380204,BLLlike
831,356.7841,-0.47562146,0.9612815221877693,0.03871847781223066,BLLlike
832,359.6056200000001,1.2714207,0.9794826916477934,0.020517308352206498,BLLlike
835,354.69888,-2.025888,0.954636276005637,0.04536372399436295,BLLlike
837,1.3564243,2.104205,0.9368218996540104,0.06317810034598961,BLLlike
838,355.6433,-1.5696695,0.9653739504448486,0.03462604955515131,BLLlike
839,355.25107,-1.8643613,0.924436086845629,0.07556391315437107,BLLlike
840,357.49606,-0.50033474,0.9827461247329752,0.01725387526702478,BLLlike
841,3.9448502,3.4935660000000004,0.925740888210661,0.07425911178933892,BLLlike
842,0.75579417,1.49274,0.9061806676276151,0.09381933237238495,BLLlike
843,359.9671600000001,0.77385664,0.9394549027415199,0.06054509725848013,BLLlike
846,357.66074,-0.87427604,0.9897340981198094,0.010265901880190628,BLLlike
848,355.7218,-2.12591,0.9306891226710267,0.06931087732897337,BLLlike
850,357.42535,-1.1393976,0.9738974498034116,0.02610255019658835,BLLlike
852,13.338002,8.452036999999999,0.983685872426354,0.016314127573646045,BLLlike
854,356.13705,-2.1874065,0.9834326743515737,0.016567325648426348,BLLlike
855,5.9404745000000005,3.7965896,0.9370161302579008,0.06298386974209928,BLLlike
857,353.59042,-3.9068112,0.9637327305581752,0.03626726944182481,BLLlike
858,357.5973,-1.4787017,0.9076034894482607,0.09239651055173922,BLLlike
859,2.840241,1.581523,0.9727715800185055,0.027228419981494452,BLLlike
862,28.628706,15.7417,0.9853125277563678,0.01468747224363222,BLLlike
863,6.4512496,3.3426495000000003,0.9542629972679861,0.0457370027320139,BLLlike
864,22.575216,12.555467,0.9850077995570983,0.014992200442901704,BLLlike
865,357.28537,-2.2289596,0.9697038828787924,0.030296117121207656,BLLlike
866,8.219928,4.255758,0.9772236724662703,0.02277632753372971,BLLlike
870,358.05792,-2.179052,0.9686336139535663,0.03136638604643376,BLLlike
874,9.02043,4.079134,0.9296718195200427,0.07032818047995724,BLLlike
875,347.45175,-8.646289999999999,0.9638095208221047,0.03619047917789526,BLLlike
877,10.236578,4.526611,0.9838127892255838,0.016187210774416254,BLLlike
878,61.784954000000006,26.932354,0.9035012296754628,0.09649877032453723,BLLlike
880,358.41693,-2.6408026,0.9860744454845275,0.013925554515472458,BLLlike
881,359.3042,-2.221519,0.9348065816722556,0.06519341832774438,BLLlike
882,346.9912,-9.316404,0.9817204203972819,0.01827957960271805,BLLlike
883,3.7658112,0.12693389,0.9595325520688952,0.040467447931104794,BLLlike
885,348.2213700000001,-8.905598,0.9810564397932922,0.018943560206707843,BLLlike
886,347.20233,-9.490864,0.9425848426706906,0.057415157329309366,BLLlike
889,358.3818,-3.2707272,0.9189947928068215,0.08100520719317846,BLLlike
896,332.98532,-17.186884,0.9907714682715538,0.009228531728446196,BLLlike
897,0.55921715,-2.8130813,0.9775509870432709,0.02244901295672911,BLLlike
899,350.77246,-8.480317,0.9438314213607297,0.05616857863927031,BLLlike
902,5.9454074,-0.16794126,0.9528454083374085,0.04715459166259146,BLLlike
903,15.576315,5.3025475,0.9693439412359174,0.03065605876408265,BLLlike
905,0.8087629,-3.2128398,0.9685787459963326,0.03142125400366738,BLLlike
906,5.85668,-0.3397608,0.9905934704628231,0.009406529537176911,BLLlike
908,5.8768964000000015,-0.51136285,0.9879653687747678,0.012034631225232175,BLLlike
909,2.493717,-2.4659333,0.9110002544526276,0.08899974554737247,BLLlike
910,3.898164,-1.6982886,0.9800449201640724,0.019955079835927647,BLLlike
912,6.1067977,-0.610649,0.9927306574883875,0.007269342511612464,BLLlike
913,3.63375,-2.1069481,0.9460503710865443,0.05394962891345563,BLLlike
914,62.906784,25.052078,0.9571870033491412,0.04281299665085878,BLLlike
915,0.32564774,-4.0421247000000005,0.9872085672312678,0.012791432768732207,BLLlike
917,3.2624865,-2.5582876,0.9604991073035818,0.03950089269641818,BLLlike
918,326.8411,-20.355803,0.9753679920114234,0.024632007988576572,BLLlike
919,40.344883,16.915703,0.9547173273261509,0.04528267267384909,BLLlike
924,17.335625,5.1114254,0.9505592385171444,0.04944076148285553,BLLlike
927,355.66232,-7.2373652,0.9839638583163898,0.016036141683610176,BLLlike
929,358.03912,-6.199246,0.9300689319834144,0.06993106801658558,BLLlike
930,15.504191,3.4754187999999995,0.9227964756070997,0.07720352439290035,BLLlike
931,2.8045797,-3.789645,0.9822041742562331,0.017795825743766897,BLLlike
935,358.0455,-6.725435000000001,0.9444890945354746,0.055510905464525376,BLLlike
939,2.6136413,-4.419474,0.9708140289674134,0.029185971032586595,BLLlike
940,3.8966215,-3.7572598,0.9628590823114304,0.03714091768856964,BLLlike
941,0.9503426,-5.60056,0.9400578864847426,0.05994211351525731,BLLlike
943,15.597787,2.339593,0.9489892545395938,0.051010745460406175,BLLlike
944,358.4481,-7.084233800000002,0.9701208139279998,0.029879186072000224,BLLlike
945,4.112126399999998,-4.1016927,0.9789484350830405,0.021051564916959434,BLLlike
946,15.344995999999998,1.8774376,0.982304005167583,0.01769599483241702,BLLlike
947,7.560401400000001,-2.459222,0.9709413043418611,0.029058695658138844,BLLlike
949,0.4777760999999999,-6.497667,0.978649021704976,0.02135097829502398,BLLlike
951,55.24138000000001,20.195301,0.9791982466708419,0.02080175332915814,BLLlike
952,18.075785,2.7860203,0.952856734188001,0.04714326581199901,BLLlike
953,325.56174,-21.862694,0.9142543638445918,0.08574563615540824,BLLlike
955,2.1605515,-5.9517894,0.9712085142027445,0.028791485797255583,BLLlike
956,58.541595,21.11991,0.9810433876373855,0.01895661236261451,BLLlike
958,358.34506,-8.055587,0.9097592537493773,0.09024074625062274,BLLlike
966,18.156103,2.0674014,0.9875175081066301,0.012482491893369927,BLLlike
967,45.338593,15.5064535,0.9214835401520616,0.0785164598479384,BLLlike
968,1.9475327,-6.780869,0.9726021220550066,0.027397877944993383,BLLlike
969,359.95523,-7.9047136,0.9219469967382269,0.07805300326177314,BLLlike
970,359.33832,-8.28481,0.9783723894906612,0.021627610509338813,BLLlike
972,17.006307999999994,1.0213873,0.9576178125180358,0.042382187481964206,BLLlike
974,18.00163,1.4911469,0.9787562367100265,0.02124376328997342,BLLlike
976,41.25816,13.199313,0.9647052170289052,0.0352947829710948,BLLlike
983,15.591742000000002,-0.25535610000000003,0.9131880666322507,0.08681193336774928,BLLlike
984,0.7662464,-8.23293,0.981177900976876,0.018822099023124053,BLLlike
985,96.54297,27.664629,0.9107706106092365,0.08922938939076357,BLLlike
987,19.619411,1.0969604,0.9746551604374478,0.025344839562552124,BLLlike
988,347.1098,-15.087724,0.9833730062164001,0.016626993783599938,BLLlike
989,40.72254,11.699215,0.9230440077627275,0.07695599223727247,BLLlike
990,17.596489000000005,-0.1149143,0.9227032089617533,0.07729679103824676,BLLlike
991,357.93054,-10.35016,0.9784517848219287,0.02154821517807131,BLLlike
993,24.167805,3.1016934,0.9906587885491459,0.009341211450854094,BLLlike
994,340.3189,-18.049017000000006,0.978154158553326,0.021845841446674036,BLLlike
995,52.059532,16.281736,0.9650199844361022,0.03498001556389788,BLLlike
1000,71.17585,22.324213,0.9836344525176334,0.016365547482366606,BLLlike
1001,40.750946,10.5546,0.9738298965415979,0.02617010345840215,BLLlike
1004,7.5324645000000015,-7.0083747,0.9227216917444553,0.07727830825554476,BLLlike
1005,351.5106,-14.503476999999998,0.9643045712253165,0.035695428774683444,BLLlike
1006,16.948498,-2.2988122000000004,0.9000998986446405,0.09990010135535954,BLLlike
1008,17.47052,-2.0428274,0.940169727114661,0.05983027288533906,BLLlike
1009,15.851746,-3.0368624,0.930442320777025,0.06955767922297493,BLLlike
1010,2.411349,-9.806819,0.9928414674048172,0.007158532595182884,BLLlike
1011,329.93393,-22.348944,0.9889193739490473,0.01108062605095267,BLLlike
1012,28.542376,3.3044167,0.967314121685142,0.032685878314858016,BLLlike
1013,29.087566,3.3728452000000004,0.9801273655358624,0.01987263446413759,BLLlike
1014,356.01675,-13.250003,0.9567086904153916,0.043291309584608306,BLLlike
1016,36.54833,6.634506699999998,0.9129317642483556,0.08706823575164434,BLLlike
1023,26.710873,0.56137925,0.9776526928201087,0.022347307179891324,BLLlike
1024,0.93501914,-12.200508,0.9432164246456892,0.056783575354310764,BLLlike
1025,61.279366,16.705627,0.9635279489905145,0.03647205100948547,BLLlike
1026,25.65043,-0.08675464,0.9279073064678393,0.07209269353216073,BLLlike
1027,26.325148,0.24996662,0.9434685997571581,0.05653140024284188,BLLlike
1030,16.445068,-5.3411803,0.9885138891629592,0.011486110837040766,BLLlike
1031,21.310928,-2.8786254,0.969824411509132,0.030175588490867936,BLLlike
1032,350.8926,-17.032507,0.9099536971732817,0.09004630282671836,BLLlike
1033,101.90426,26.353855,0.9726729565686535,0.02732704343134651,BLLlike
1034,57.048107,14.085746,0.9768204861462515,0.023179513853748536,BLLlike
1035,28.783741,0.45666823,0.9673983180176353,0.03260168198236466,BLLlike
1036,20.689308,-3.999703,0.9395670362697943,0.06043296373020573,BLLlike
1037,28.994326,0.14628315,0.9706264738203872,0.029373526179612763,BLLlike
1038,23.315006,-3.0662453,0.9038774754296359,0.09612252457036409,BLLlike
1039,33.983227,2.3289466,0.9587701440977145,0.04122985590228543,BLLlike
1040,9.51765,-10.120241,0.9095640047883998,0.09043599521160019,BLLlike
1041,36.88621,3.5356374,0.9846863683948159,0.01531363160518406,BLLlike
1043,26.718159000000004,-1.9485618,0.9549411955030724,0.04505880449692754,BLLlike
1045,30.665327,0.0016002875,0.9144062225248143,0.08559377747518573,BLLlike
1046,1.109732,-14.298603,0.9408696926376364,0.05913030736236354,BLLlike
1047,32.329712,0.58121896,0.9646688787912995,0.03533112120870052,BLLlike
1048,332.5113,-23.700737,0.9480309790609643,0.05196902093903566,BLLlike
1049,31.54713,-0.14576794,0.9320658768804344,0.06793412311956556,BLLlike
1050,30.998490000000004,-0.66888255,0.9931865506645057,0.006813449335494304,BLLlike
1051,22.969717000000006,-4.895749,0.9162322544121031,0.08376774558789694,BLLlike
1053,21.271141,-6.1454973,0.9807985513405291,0.019201448659470963,BLLlike
1054,34.904140000000005,0.6683866999999999,0.9642093032732176,0.035790696726782346,BLLlike
1058,23.27619,-5.5821652,0.973276031768597,0.026723968231403005,BLLlike
1059,359.6244200000001,-16.354572,0.9832924529457358,0.016707547054264256,BLLlike
1060,34.998062,0.11998991,0.9367357161902238,0.06326428380977622,BLLlike
1061,40.442585,2.7732754,0.9937716255087893,0.006228374491210722,BLLlike
1064,0.32182488,-16.359652,0.9738959259718896,0.02610407402811049,BLLlike
1066,22.396849,-6.6338789999999985,0.9713757113692995,0.0286242886307005,BLLlike
1068,34.43025,-0.8492683000000001,0.9924862847372924,0.007513715262707644,BLLlike
1069,34.60583,-0.8258564,0.9702124365007921,0.02978756349920786,BLLlike
1072,23.96777,-6.39048,0.935912994617687,0.064087005382313,BLLlike
1073,342.0301,-22.726454,0.9667939273039868,0.03320607269601317,BLLlike
1074,21.786749,-7.526975,0.9057145869758515,0.09428541302414851,BLLlike
1076,67.01319000000001,14.394771,0.9098953802288072,0.09010461977119275,BLLlike
1077,27.466608,-4.955482,0.9378040042651994,0.062195995734800634,BLLlike
1078,34.7043,-1.3086741000000002,0.9244038651659003,0.07559613483409962,BLLlike
1080,347.03696,-21.741291,0.90382892241679,0.09617107758321,BLLlike
1084,40.71852,1.2641132,0.9471424544946448,0.0528575455053552,BLLlike
1085,14.038114000000002,-12.011958,0.9807488046718622,0.01925119532813776,BLLlike
1087,27.589421999999995,-5.6226,0.9829779242025292,0.01702207579747083,BLLlike
1089,2.5671675,-16.98757,0.9796423052774481,0.02035769472255188,BLLlike
1090,40.3479,0.6840546,0.9825213561049161,0.017478643895083964,BLLlike
1098,18.956762,-10.949259,0.9737268246939847,0.02627317530601525,BLLlike
1099,49.61527,4.4507213,0.9888591624611431,0.011140837538856866,BLLlike
1101,18.40847,-11.298912,0.9543375349136993,0.045662465086300626,BLLlike
1102,41.122837,-0.14815620000000002,0.9738084502566712,0.026191549743328872,BLLlike
1105,33.553467,-4.571059,0.9232194455180943,0.07678055448190566,BLLlike
1106,77.51122,16.550905,0.9656037599304022,0.03439624006959784,BLLlike
1108,43.140526,0.00033473648,0.9876169099134535,0.012383090086546525,BLLlike
1110,348.341,-23.260422,0.9524120942129641,0.04758790578703581,BLLlike
1113,77.17291999999998,15.776268,0.9664517203940004,0.033548279605999556,BLLlike
1115,21.442232,-11.745806,0.9799448385848286,0.020055161415171396,BLLlike
1117,44.66463,-0.45626494,0.9786197915884592,0.021380208411540706,BLLlike
1119,7.5218997,-18.42003,0.9943361294520887,0.0056638705479112855,BLLlike
1121,57.28770400000001,4.973854,0.9076048933425807,0.09239510665741936,BLLlike
1122,47.87485,-0.08241083,0.9061329697586168,0.0938670302413832,BLLlike
1123,11.749503,-17.578611,0.9522546883499841,0.04774531165001593,BLLlike
1124,48.31967,-0.19169088,0.9640703531096071,0.035929646890392956,BLLlike
1127,344.92734,-25.802912,0.9483014308506933,0.05169856914930675,BLLlike
1129,50.902195,0.19600847,0.9875882538137876,0.012411746186212465,BLLlike
1130,27.147684,-12.168449,0.9923956268405966,0.007604373159403435,BLLlike
1132,51.240833,0.08552094,0.9895145856890429,0.010485414310957078,BLLlike
1133,51.151844,-0.24995027,0.9719093143626973,0.02809068563730267,BLLlike
1140,55.22214,-0.77151924,0.9400270580868056,0.05997294191319435,BLLlike
1141,33.89388,-12.322288,0.9684072423750011,0.031592757624998934,BLLlike
1143,14.687042000000002,-21.35808,0.9435702944504392,0.056429705549560866,BLLlike
1145,76.8197,9.266343,0.9915850810188429,0.008414918981157106,BLLlike
1146,24.861954,-19.010408,0.9281006753329389,0.07189932466706105,BLLlike
1147,39.839317,-12.098929,0.9407985927413807,0.0592014072586193,BLLlike
1148,54.824173,-3.8491445,0.9628595625973831,0.037140437402616855,BLLlike
1149,28.913813,-17.564497,0.9447868880240147,0.05521311197598538,BLLlike
1151,69.51043,4.2439339999999985,0.9161386454071068,0.08386135459289329,BLLlike
1152,25.696152,-19.38721,0.9466318040805457,0.05336819591945435,BLLlike
1161,325.2167,-30.905136,0.970643280023614,0.029356719976385986,BLLlike
1162,51.784195,-8.5456505,0.9124334278238195,0.08756657217618051,BLLlike
1163,335.52145,-31.649939,0.9734756230773458,0.02652437692265418,BLLlike
1166,71.098526,1.0918635,0.9225557162135242,0.0774442837864758,BLLlike
1167,330.4363,-32.194798,0.9605921167644311,0.0394078832355689,BLLlike
1169,9.644623,-29.11403,0.9899159378570999,0.010084062142900153,BLLlike
1170,63.952477,-4.0056634,0.9898222193938261,0.010177780606173912,BLLlike
1171,56.45480300000001,-8.827297999999997,0.9436099371142614,0.05639006288573859,BLLlike
1172,21.3239,-26.352562,0.9929870187903773,0.007012981209622707,BLLlike
1173,345.96164,-33.27728,0.969334074884076,0.030665925115923982,BLLlike
1174,305.81165,-28.05511,0.9757891338983433,0.02421086610165664,BLLlike
1175,73.62167,-0.07991234,0.9925943019670511,0.00740569803294884,BLLlike
1176,49.110733,-16.390066,0.9520291545528096,0.0479708454471904,BLLlike
1177,74.74949000000002,-0.42512813,0.990525664603383,0.009474335396617002,BLLlike
1179,84.33202,5.3418074,0.9615802700434192,0.03841972995658088,BLLlike
1180,57.273228,-13.444169,0.9813529976885661,0.01864700231143387,BLLlike
1183,358.23254,-35.488316,0.9326639643070933,0.06733603569290672,BLLlike
1185,64.66334499999999,-9.738138,0.9756971955858575,0.024302804414142433,BLLlike
1186,76.59704,-2.3414528,0.9712705059649323,0.02872949403506774,BLLlike
1188,43.549377,-24.184753,0.968276226123628,0.03172377387637199,BLLlike
1192,6.3373585,-36.54645,0.9113405311546143,0.08865946884538572,BLLlike
1193,341.26794,-37.146523,0.9427962265787391,0.05720377342126089,BLLlike
1196,334.60904,-36.58385,0.9716627705151127,0.028337229484887226,BLLlike
1198,344.92477,-37.778313,0.96555356097327,0.03444643902672996,BLLlike
1199,60.25578,-16.274835999999997,0.9541006527706118,0.0458993472293882,BLLlike
1200,65.06355,-13.278037,0.9633954328641368,0.036604567135863186,BLLlike
1201,351.6291,-38.283665,0.9809504144713823,0.01904958552861773,BLLlike
1202,68.64576,-11.164032,0.9376991144905661,0.062300885509433905,BLLlike
1203,326.09143,-35.461548,0.9579841275876841,0.04201587241231588,BLLlike
1205,343.7940700000001,-38.404987,0.9284853956948194,0.07151460430518067,BLLlike
1208,82.10027,-1.7424916,0.9667912482982912,0.03320875170170878,BLLlike
1209,14.291387,-37.67555,0.9457377322693797,0.054262267730620296,BLLlike
1210,93.5011,7.1263960000000015,0.9847583955886985,0.015241604411301521,BLLlike
1214,104.37174,15.2846985,0.9199641892048407,0.0800358107951593,BLLlike
1215,336.95193,-38.880802,0.9397929728650204,0.06020702713497957,BLLlike
1216,77.260345,-7.833695,0.969761934302883,0.030238065697116946,BLLlike
1219,356.93155,-41.11146,0.9560599934198727,0.0439400065801273,BLLlike
1220,90.67395,2.8425798,0.9433176429056515,0.05668235709434859,BLLlike
1222,68.44836,-16.818518,0.9701258950653813,0.029874104934618784,BLLlike
1223,109.935036,18.324501,0.9893043654210716,0.01069563457892842,BLLlike
1226,83.543015,-5.431030000000002,0.9553719095587738,0.044628090441226224,BLLlike
1227,14.9038725,-42.44354600000001,0.9381558289176994,0.0618441710823005,BLLlike
1229,11.356277,-43.348854,0.9499756581265824,0.05002434187341765,BLLlike
1231,64.17345999999999,-23.86895,0.9072486864394245,0.09275131356057557,BLLlike
1232,344.2388,-42.98521,0.9182669404582195,0.08173305954178049,BLLlike
1234,85.42582,-5.9386334000000005,0.9478398536663233,0.0521601463336767,BLLlike
1235,94.20894,2.2947576,0.9545390488371419,0.04546095116285804,BLLlike
1236,10.525272,-44.876236,0.9863854432038945,0.013614556796105499,BLLlike
1237,57.750072,-30.860363,0.970540642098499,0.029459357901500963,BLLlike
1240,328.7479,-41.288845,0.9502757046920424,0.0497242953079576,BLLlike
1242,31.138845,-46.54336,0.9701236002653232,0.02987639973467686,BLLlike
1243,105.45363600000002,9.873503,0.9495114453518496,0.05048855464815037,BLLlike
1244,113.122795,18.004614,0.9709840784620408,0.029015921537959177,BLLlike
1245,1.0683551000000002,-50.738045,0.9816468376869334,0.01835316231306664,BLLlike
1247,351.6276,-51.228443,0.9333848896480216,0.06661511035197845,BLLlike
1248,321.27655,-41.051105,0.9658566106769747,0.03414338932302533,BLLlike
1253,68.7857,-38.479885,0.9357133170448488,0.06428668295515112,BLLlike
1254,98.081184,-7.7754517,0.9784163595907776,0.021583640409222463,BLLlike
1255,320.7368,-42.8905,0.983637000769827,0.01636299923017304,BLLlike
1257,77.95573399999998,-34.471878000000004,0.9431341746284265,0.05686582537157352,BLLlike
1258,55.01866999999999,-50.66223,0.9038269849398174,0.09617301506018265,BLLlike
1261,356.03513,-58.396584,0.9196691522295306,0.08033084777046942,BLLlike
1262,83.80161,-33.798,0.9584498531111889,0.041550146888811146,BLLlike
1263,320.34912,-44.883194,0.922747435065993,0.07725256493400698,BLLlike
1265,337.54544,-54.713173,0.9425818828683876,0.05741811713161237,BLLlike
1266,99.058075,-13.695373000000002,0.9188793793549522,0.08112062064504781,BLLlike
1267,307.09628,-32.580997,0.9816766741237097,0.0183233258762903,BLLlike
1272,107.532646,-1.0613943,0.9864194988739532,0.013580501126046751,BLLlike
1274,108.22852,-3.859776,0.965573581992143,0.03442641800785693,BLLlike
1279,99.21594,-29.862541,0.9280981470143432,0.07190185298565681,BLLlike
1281,86.86235,-49.25291,0.9741248864767857,0.02587511352321426,BLLlike
1282,335.6758,-62.34210600000001,0.9494703442412958,0.05052965575870411,BLLlike
1283,96.57991,-37.63661,0.9222049574966723,0.0777950425033277,BLLlike
1284,99.118095,-33.460175,0.9296322969298321,0.07036770307016789,BLLlike
1290,324.13562,-58.323433,0.9594711254927275,0.04052887450727246,BLLlike
1292,305.02292,-32.360863,0.962679629178066,0.037320370821933915,BLLlike
1293,21.832333,-73.64514,0.9443039820915325,0.055696017908467496,BLLlike
1294,104.913536,-30.19838,0.9519731446635702,0.048026855336429836,BLLlike
1296,331.01526,-65.282715,0.9739960799399223,0.026003920060077675,BLLlike
1298,24.36291,-76.68557,0.9486328390852168,0.05136716091478323,BLLlike
