,GLON,GLAT,proba_AGN,proba_PSR,label
0,307.70898,-42.729538,0.9999207526310233,7.924736897672475e-05,AGNlike
1,109.38163999999999,-36.411484,0.9997929006050872,0.00020709939491283524,AGNlike
2,111.00448600000001,-30.771994,0.9919799136887849,0.00802008631121511,AGNlike
3,116.52632,-5.0228662,0.9995886633533966,0.0004113366466034572,AGNlike
4,336.9915,-73.84534000000001,0.9999678824968957,3.21175031042779e-05,AGNlike
5,118.60843999999999,5.282127,0.9971663435936752,0.002833656406324852,AGNlike
6,114.92035,-15.869719,0.9999630302761722,3.696972382782837e-05,AGNlike
7,119.14811,6.8857289999999995,0.9996516894354678,0.00034831056453219834,AGNlike
8,110.91511000000001,-36.72459,0.999967153245223,3.284675477703346e-05,AGNlike
9,319.3951,-65.54536,0.9999639650610687,3.6034938931344906e-05,AGNlike
10,119.10994,6.235327,0.9611227762980126,0.038877223701987415,AGNlike
11,108.90926999999999,-43.96513,0.9998660124939566,0.00013398750604347401,AGNlike
12,83.705765,-73.91203,0.9999363533302152,6.364666978471226e-05,AGNlike
13,320.38864,-69.86521,0.9996092916141729,0.0003907083858270799,AGNlike
14,309.86963,-57.381133999999996,0.999944920877952,5.5079122048092484e-05,AGNlike
15,321.8499,-73.93347,0.9998456185443658,0.00015438145563414566,AGNlike
16,114.974655,-38.41322,0.9999193968814847,8.060311851531242e-05,AGNlike
17,314.39056,-67.90782,0.9999070819787861,9.291802121393213e-05,AGNlike
18,104.761604,-69.51759,0.9992166630957031,0.0007833369042969329,AGNlike
19,70.318275,-84.105675,0.9993391654706775,0.0006608345293225344,AGNlike
20,308.3834,-60.11082,0.9999610732368548,3.892676314522484e-05,AGNlike
21,121.13443000000001,1.8261667000000001,0.9975901099496371,0.0024098900503628914,AGNlike
22,100.58408,-79.825195,0.9998262250117894,0.00017377498821053374,AGNlike
23,36.389965000000004,-86.83259,0.9965355873361211,0.003464412663878827,AGNlike
24,121.53531000000001,0.12189149,0.947513566938804,0.05248643306119605,AGNlike
25,120.61539499999999,-20.753937,0.9999516177902318,4.8382209768252036e-05,AGNlike
26,112.1175,-83.1215,0.9999406987795784,5.930122042159718e-05,AGNlike
27,303.44296,-53.334109999999995,0.9982315077209314,0.001768492279068629,AGNlike
28,123.01038999999999,1.8703631999999997,0.9961059315925376,0.003894068407462459,AGNlike
29,123.732124,-17.740635,0.999625378265309,0.0003746217346910122,AGNlike
30,123.66344,0.57604647,0.999908842860908,9.115713909198524e-05,AGNlike
31,123.53306,6.396929,0.9992641943746134,0.0007358056253865229,AGNlike
32,299.2362,-71.02254,0.9999634313770586,3.6568622941380696e-05,AGNlike
33,300.73035,-60.18506,0.9998930949372055,0.00010690506279451608,AGNlike
34,300.84314,-54.403248,0.9999453334820876,5.466651791236884e-05,AGNlike
35,124.92797,-17.86201,0.9996689120615371,0.00033108793846290654,AGNlike
36,127.39341,-52.764793000000004,0.9998334450475151,0.00016655495248487186,AGNlike
37,132.989,-70.92556,0.9997667251084794,0.0002332748915205702,AGNlike
38,127.72831000000001,-27.977003000000003,0.9991773001107492,0.0008226998892508107,AGNlike
39,236.6043,-84.2885,0.999741195118175,0.00025880488182497015,AGNlike
40,125.19039,6.481079599999999,0.9816561157013795,0.018343884298620564,AGNlike
41,296.8381,-56.66605,0.9993839703958192,0.0006160296041808074,AGNlike
42,136.17094,-57.039967000000004,0.9999152439157124,8.475608428755213e-05,AGNlike
43,301.32455,-37.297035,0.9999234650767533,7.653492324670714e-05,AGNlike
44,296.34128,-53.627823,0.9999532394985334,4.676050146662488e-05,AGNlike
45,297.91083,-49.010098,0.999595282782124,0.0004047172178760627,AGNlike
46,133.17609,-37.95704,0.9999694764891448,3.05235108551942e-05,AGNlike
47,290.05676,-62.335280000000004,0.9999120136366613,8.79863633387574e-05,AGNlike
48,154.01998999999998,-70.31441,0.9992159888556832,0.0007840111443167703,AGNlike
49,244.7201,-78.62133,0.9998689899331327,0.00013101006686738552,AGNlike
50,192.49397,-78.132126,0.9892500021417772,0.010749997858222888,AGNlike
51,126.94713,8.414599,0.9999519974324281,4.8002567571915965e-05,AGNlike
52,280.91638,-67.46981,0.9984144552415981,0.0015855447584018681,AGNlike
54,129.50565,-2.1973363999999997,0.9994208801728223,0.0005791198271777263,AGNlike
55,132.83993999999998,-12.919025999999999,0.9971050466755363,0.0028949533244636764,AGNlike
56,131.96813999999998,-7.5089690000000004,0.9999580710757461,4.1928924253925126e-05,AGNlike
57,153.99018999999998,-58.14662,0.9997279609086902,0.00027203909130977004,AGNlike
58,205.71896,-75.13678,0.9999559602142153,4.403978578468661e-05,AGNlike
59,147.38742,-47.160509999999995,0.9998393991387623,0.00016060086123775527,AGNlike
60,138.85968,-27.553938,0.9999654084074303,3.459159256966131e-05,AGNlike
61,140.86646000000002,-30.656414,0.9999729050778,2.7094922199953566e-05,AGNlike
62,130.0389,5.082897,0.980600712817939,0.01939928718206101,AGNlike
63,143.97766000000001,-33.213352,0.9999657094770703,3.42905229296863e-05,AGNlike
64,132.09172,0.885798,0.9996397050163686,0.00036029498363148707,AGNlike
66,278.26434,-59.439705000000004,0.9999368664684294,6.313353157059588e-05,AGNlike
67,137.51425,-9.997538,0.9998665117091564,0.0001334882908435938,AGNlike
68,146.1344,-28.999453000000003,0.9996097640070251,0.0003902359929749291,AGNlike
69,278.4642,-56.925102,0.9998907409838773,0.00010925901612263207,AGNlike
70,128.05937,15.830147,0.9997350997093231,0.00026490029067690457,AGNlike
71,154.16728,-39.57315,0.9999269708171247,7.302918287530287e-05,AGNlike
72,145.00188,-23.465021,0.9995125222997037,0.0004874777002962957,AGNlike
73,136.81866000000002,-3.1947488999999996,0.999763869696268,0.00023613030373208774,AGNlike
75,133.35676999999998,5.9127529999999995,0.9833511309490737,0.016648869050926333,AGNlike
76,174.55476000000002,-54.390606000000005,0.9999558759498203,4.412405017975327e-05,AGNlike
77,141.86678999999998,-10.73122,0.999853082660259,0.00014691733974098612,AGNlike
78,264.79352,-59.122177,0.9998038040037689,0.00019619599623115977,AGNlike
79,201.90068,-61.187056999999996,0.9997749003488943,0.0002250996511056973,AGNlike
80,241.66917,-62.75466,0.9997204582665935,0.0002795417334065437,AGNlike
81,219.9578,-63.166855000000005,0.9999626275547736,3.737244522644496e-05,AGNlike
82,133.05244,10.397166,0.9995734355508858,0.0004265644491141654,AGNlike
83,170.74868999999998,-44.826824,0.9999209866006232,7.90133993767741e-05,AGNlike
84,273.40692,-52.71015500000001,0.9999643046410832,3.5695358916774187e-05,AGNlike
85,151.80461,-21.519827,0.9999457154164707,5.428458352927835e-05,AGNlike
86,139.97336,-1.1731087,0.9960743520783106,0.00392564792168941,AGNlike
87,135.96774,6.464967700000001,0.9978988291008827,0.002101170899117322,AGNlike
88,258.67087000000004,-56.538757,0.9999009129601496,9.90870398504208e-05,AGNlike
90,162.51157,-31.580492,0.9999741204316565,2.5879568343600515e-05,AGNlike
91,291.90625,-38.782734000000005,0.9991367427422491,0.0008632572577509459,AGNlike
92,157.3119,-24.727674,0.9994798567654002,0.0005201432345997677,AGNlike
93,144.81888,-6.147501,0.9993281171377089,0.0006718828622910934,AGNlike
94,259.68732,-55.260856999999994,0.9998691628914541,0.00013083710854594195,AGNlike
95,161.34569,-24.651138,0.9996904877119074,0.00030951228809257916,AGNlike
96,257.45047,-53.26914,0.9999800898279418,1.991017205811435e-05,AGNlike
97,140.70706,3.9219084000000004,0.9967879439011057,0.0032120560988942956,AGNlike
98,197.75139,-49.97398,0.9999491059828899,5.0894017110163585e-05,AGNlike
99,146.91196000000002,-4.6963550000000005,0.9898355161507686,0.01016448384923142,AGNlike
100,142.34935,2.021978,0.987190350085291,0.012809649914709023,AGNlike
101,228.62847999999997,-54.644314,0.9999230369070425,7.696309295751464e-05,AGNlike
102,222.41308999999998,-54.09932,0.9999539719628784,4.6028037121586086e-05,AGNlike
103,133.08284,15.5278635,0.9949766511634557,0.005023348836544285,AGNlike
104,164.61195,-24.741873000000002,0.9999638689695297,3.6131030470237495e-05,AGNlike
106,160.21903999999998,-18.36376,0.9998426365246478,0.00015736347535219727,AGNlike
107,277.24048,-44.547157,0.999975958702146,2.4041297854006507e-05,AGNlike
108,160.49614,-17.246677,0.9999249214656469,7.507853435307533e-05,AGNlike
109,278.07047,-43.70364,0.969967019958848,0.030032980041151916,AGNlike
110,165.09822,-18.356842,0.9918828383842553,0.008117161615744684,AGNlike
111,159.98468,-12.574114,0.9653930933599464,0.03460690664005359,AGNlike
112,165.06316999999999,-15.846429,0.9994254087380633,0.000574591261936732,AGNlike
113,184.61213999999998,-32.053356,0.9999435655670897,5.643443291027339e-05,AGNlike
114,267.7967,-44.4116,0.9999193798919261,8.062010807389828e-05,AGNlike
115,169.287,-18.876911,0.9999644914508904,3.5508549109615904e-05,AGNlike
116,241.17305,-47.41337,0.9997907963041129,0.00020920369588706188,AGNlike
117,158.99518,-8.488823,0.9891730674419827,0.010826932558017291,AGNlike
118,195.4647,-36.191944,0.9999525500574696,4.7449942530388155e-05,AGNlike
119,155.9795,-4.0844064,0.9999428129675417,5.718703245826872e-05,AGNlike
120,147.84787,4.502063,0.9999371344179234,6.286558207657741e-05,AGNlike
122,141.52463,11.549909,0.9496332421293134,0.05036675787068653,AGNlike
123,204.1875,-37.316967,0.9997169755872753,0.0002830244127246539,AGNlike
125,189.68898000000002,-28.755159999999997,0.9998974617149351,0.00010253828506489445,AGNlike
126,143.65476999999998,10.784216,0.9999221175358416,7.78824641583658e-05,AGNlike
127,279.1443,-38.551704,0.9999493387290987,5.066127090125488e-05,AGNlike
128,164.09975,-8.490971,0.999369111898505,0.0006308881014950599,AGNlike
129,168.1489,-10.0205345,0.9999509053957502,4.90946042498862e-05,AGNlike
130,170.8893,-11.945811,0.983290304169234,0.01670969583076593,AGNlike
131,286.03893999999997,-35.183907,0.9999710627167253,2.8937283274666732e-05,AGNlike
132,247.29577999999998,-41.943344,0.9998588118243029,0.00014118817569702726,AGNlike
133,296.4673,-30.58513,0.9997383369297954,0.00026166307020454544,AGNlike
134,262.9018,-40.36736,0.9997228719182752,0.00027712808172472754,AGNlike
135,166.40129,-6.503557700000001,0.9999654670312127,3.453296878734517e-05,AGNlike
136,237.51018,-40.132076,0.9998049936749944,0.00019500632500552532,AGNlike
137,183.25938,-18.923176,0.9999045395092084,9.546049079155019e-05,AGNlike
138,175.91547,-13.05345,0.9918769407904796,0.008123059209520427,AGNlike
139,220.48803999999998,-36.047104,0.999785718022573,0.0002142819774269652,AGNlike
140,155.99199,4.6304154,0.9996698882735584,0.000330111726441607,AGNlike
141,173.6168,-9.521301,0.9999314466971279,6.855330287210175e-05,AGNlike
142,142.83818,15.154042,0.9998630768360628,0.00013692316393722198,AGNlike
143,262.0749,-37.85432,0.999965472855941,3.452714405909819e-05,AGNlike
144,173.581,-7.042043700000001,0.9997971960512794,0.00020280394872065752,AGNlike
146,206.38472,-26.213057,0.9998765673789068,0.0001234326210931867,AGNlike
147,172.27283,-3.4122436,0.9999084808200164,9.151917998359192e-05,AGNlike
148,223.49472000000003,-31.05827,0.9993506337944529,0.0006493662055471263,AGNlike
150,295.53348,-29.492303999999997,0.9997285006139381,0.00027149938606181107,AGNlike
151,192.3084,-12.677808,0.9999371081285413,6.28918714587228e-05,AGNlike
152,145.55891,17.063442000000002,0.9999442124995302,5.578750046972698e-05,AGNlike
153,205.5505,-19.197758,0.9998357895960691,0.00016421040393083943,AGNlike
154,192.2091,-11.278744,0.9996304924713516,0.00036950752864842434,AGNlike
155,174.26027,0.3575937,0.9995662084771691,0.00043379152283084345,AGNlike
157,171.23119,2.6508523999999998,0.9999578090215953,4.2190978404711674e-05,AGNlike
158,262.0898,-32.68844,0.9951322384019836,0.004867761598016431,AGNlike
159,195.39026,-12.126673,0.9996704053197649,0.00032959468023509254,AGNlike
160,215.56586000000001,-22.109112,0.999265234563806,0.000734765436194032,AGNlike
161,195.31013000000002,-11.466014,0.9994283836049787,0.0005716163950213324,AGNlike
162,173.39816000000002,2.4336995999999997,0.9883775550839913,0.011622444916008766,AGNlike
163,272.9448,-32.073387,0.9996287471440528,0.00037125285594723364,AGNlike
164,287.282,-30.582247,0.9986203987261303,0.001379601273869755,AGNlike
165,198.3665,-12.429696,0.9999219865430699,7.801345693011756e-05,AGNlike
166,156.38763,12.950008,0.9999469135977467,5.3086402253323e-05,AGNlike
167,173.27489,2.937252,0.9935359400205104,0.0064640599794896295,AGNlike
168,300.43027,-27.781253999999997,0.9999689900122105,3.1009987789440284e-05,AGNlike
169,209.02463,-16.977465,0.9900864262964995,0.009913573703500577,AGNlike
170,185.2363,-3.5079102999999994,0.9994951639622432,0.0005048360377567621,AGNlike
171,152.54977,15.737077,0.9807343804902696,0.019265619509730332,AGNlike
172,213.75028999999998,-18.678402,0.9999587110767337,4.1288923266233216e-05,AGNlike
173,215.66595,-19.334515,0.999834735202641,0.00016526479735899866,AGNlike
174,250.34694,-28.998216999999997,0.9999524783319833,4.7521668016720805e-05,AGNlike
175,183.23953,-0.5631736999999999,0.9705914114604701,0.0294085885395299,AGNlike
176,201.70981,-10.96619,0.9812357476896323,0.018764252310367734,AGNlike
177,164.07498,11.043522,0.9974258144785203,0.0025741855214796547,AGNlike
178,205.31055,-12.360211999999999,0.9979720211316536,0.0020279788683463897,AGNlike
179,258.22327,-29.532024,0.9998988005849886,0.00010119941501139807,AGNlike
180,214.26372,-16.652565,0.9999316850968983,6.831490310164332e-05,AGNlike
181,209.02573999999998,-14.076960999999999,0.9995956537247165,0.00040434627528356556,AGNlike
183,251.65219,-27.952834999999997,0.9999336343867987,6.636561320130285e-05,AGNlike
184,226.81735,-20.877516,0.9985202819238531,0.0014797180761469228,AGNlike
185,216.56118999999998,-15.808719,0.997863319754044,0.002136680245956063,AGNlike
186,269.95184,-29.485565,0.9988705918519305,0.0011294081480694698,AGNlike
188,190.30643999999998,0.16713028,0.9925348802521216,0.007465119747878495,AGNlike
189,256.91864,-26.58731,0.9999385364872864,6.146351271365958e-05,AGNlike
190,254.97485,-26.120237,0.999896907776064,0.00010309222393602555,AGNlike
191,236.06232999999997,-20.943839999999998,0.999795520174805,0.00020447982519499733,AGNlike
192,194.89326,-1.3739172,0.9985493905499768,0.0014506094500231377,AGNlike
193,192.77275,-0.082485184,0.999354569180376,0.000645430819623964,AGNlike
194,198.38252,-1.5643221,0.9996571332233963,0.0003428667766036996,AGNlike
196,189.18173000000002,3.7160627999999996,0.9995894064682413,0.00041059353175863377,AGNlike
197,196.30472,0.0034195795,0.9998508843176829,0.00014911568231715136,AGNlike
198,258.80237,-25.318722,0.999731377838096,0.0002686221619040203,AGNlike
199,181.80165,8.147565,0.9980345439235984,0.0019654560764016137,AGNlike
200,257.34122,-24.334889999999998,0.9971279080048557,0.0028720919951442836,AGNlike
201,144.11327,23.350372,0.9990305393445773,0.0009694606554226607,AGNlike
202,158.7006,19.648283,0.9998850540972594,0.0001149459027406051,AGNlike
203,156.58951000000002,20.744526,0.9999040873108779,9.59126891221499e-05,AGNlike
204,239.40157999999997,-16.809458,0.9994023354408185,0.0005976645591815305,AGNlike
205,261.23352,-22.621716,0.9998964139996496,0.00010358600035041567,AGNlike
206,202.28185,2.935228,0.9989439914922409,0.0010560085077591258,AGNlike
207,275.11096000000003,-25.298267000000003,0.99987133259818,0.00012866740182003157,AGNlike
208,245.9736,-16.216476,0.9998034226222507,0.0001965773777492775,AGNlike
209,261.33643,-21.152489000000003,0.9999470004184166,5.299958158349927e-05,AGNlike
210,253.15192000000002,-18.204216,0.9998357621366868,0.0001642378633132277,AGNlike
211,169.2314,19.763711999999998,0.9940061873160082,0.0059938126839918365,AGNlike
212,174.26587,18.768856,0.9995349470582598,0.00046505294174017345,AGNlike
213,256.94128,-18.510597,0.9977090220044892,0.0022909779955108066,AGNlike
214,192.67618000000002,11.909175999999999,0.9999471837698116,5.281623018841245e-05,AGNlike
215,261.42136,-19.538681,0.9994331778818684,0.0005668221181316911,AGNlike
216,253.38666,-16.640936,0.9990732412504011,0.0009267587495988993,AGNlike
217,180.7958,17.265383,0.9924013132605201,0.007598686739479958,AGNlike
218,199.74765,9.185146000000001,0.999892571731324,0.0001074282686761002,AGNlike
219,239.86798,-10.639282000000001,0.999521656248284,0.0004783437517159878,AGNlike
220,258.85323999999997,-17.953684,0.9999643295925168,3.567040748319714e-05,AGNlike
221,214.63525,3.169934,0.9465282601882814,0.05347173981171859,AGNlike
222,198.78328,11.710552999999999,0.9998957055315904,0.00010429446840961681,AGNlike
223,224.34828,-0.9154728999999999,0.9998920130493584,0.000107986950641626,AGNlike
224,275.3795,-22.166610000000002,0.9014801152115197,0.09851988478848031,AGNlike
225,267.394,-19.580902,0.9996710978584763,0.00032890214152368514,AGNlike
226,238.51823,-7.031333,0.9999527990102107,4.720098978922762e-05,AGNlike
227,225.89722999999998,0.082016274,0.9987549278912413,0.001245072108758669,AGNlike
228,261.3225,-16.35298,0.9998757644439739,0.0001242355560261289,AGNlike
229,240.25612999999998,-5.6680064,0.9980655161595924,0.0019344838404076364,AGNlike
230,237.01022000000003,-3.8848023,0.9991568372375239,0.0008431627624761055,AGNlike
231,243.86371,-7.36004,0.9999600816548351,3.991834516497192e-05,AGNlike
232,188.3197,19.96273,0.9998568588927659,0.00014314110723416564,AGNlike
233,261.8359,-15.375998000000001,0.999771304404468,0.00022869559553197834,AGNlike
234,222.05637000000002,4.934131,0.999948619713092,5.138028690798901e-05,AGNlike
235,149.94328000000002,28.619455,0.999483478169753,0.00051652183024696,AGNlike
236,234.48067999999998,-0.18879208,0.9997362615332575,0.00026373846674258627,AGNlike
237,257.54132000000004,-11.757423,0.9996582171724069,0.0003417828275931111,AGNlike
238,246.78596000000002,-5.5748053,0.9993418351254989,0.0006581648745010861,AGNlike
239,150.58449,29.251331,0.9999530569917667,4.6943008233234645e-05,AGNlike
240,206.21571,16.329153,0.9999307182936769,6.928170632319705e-05,AGNlike
241,265.0527,-14.173656,0.9999506719335027,4.9328066497251166e-05,AGNlike
243,231.51855,5.0073667,0.9997185440831896,0.00028145591681040354,AGNlike
244,254.56902000000002,-7.9989777,0.9998773025378083,0.00012269746219178217,AGNlike
245,255.38487,-8.106514,0.9999609467178346,3.905328216535342e-05,AGNlike
246,226.19887000000003,8.759922,0.9999614302668048,3.8569733195154346e-05,AGNlike
247,258.43652000000003,-9.101469,0.9993264523186921,0.0006735476813079464,AGNlike
249,255.02257000000003,-6.0622997000000005,0.9477329979285951,0.052267002071404854,AGNlike
251,269.20282000000003,-13.125257500000002,0.9990851685068008,0.0009148314931991991,AGNlike
252,183.37364,29.111371999999996,0.9973311936170216,0.0026688063829784156,AGNlike
253,230.85431,9.989528,0.9951178170179896,0.004882182982010416,AGNlike
254,214.02026,18.860508,0.9992991881859277,0.0007008118140723283,AGNlike
255,226.7848,12.45487,0.9977597038457804,0.0022402961542196077,AGNlike
257,201.26338,24.7862,0.999933896643093,6.610335690700674e-05,AGNlike
258,217.36237999999997,19.757648,0.9978345243242582,0.0021654756757417534,AGNlike
259,266.10226,-9.048005999999999,0.9998717559706808,0.00012824402931917669,AGNlike
260,150.00768,33.13357,0.999902529338331,9.747066166897384e-05,AGNlike
261,268.33167000000003,-9.613656,0.9934069510830118,0.006593048916988161,AGNlike
262,236.69914,12.420677,0.9977996714364017,0.0022003285635982597,AGNlike
263,274.89673,-12.734328,0.9998042236670156,0.0001957763329844206,AGNlike
264,226.04726000000002,19.963022,0.9999369757675854,6.302423241458274e-05,AGNlike
265,267.3068,-7.385689999999999,0.9984535454646336,0.0015464545353664092,AGNlike
266,259.43716,-1.6513584,0.9999134064811839,8.659351881614935e-05,AGNlike
267,225.36038,20.770304,0.9999039720397561,9.6027960243934e-05,AGNlike
268,184.4443,34.75334,0.9998556799800861,0.0001443200199138917,AGNlike
269,271.53683,-8.517889,0.9999234234383573,7.657656164274958e-05,AGNlike
270,276.2241,-11.749917,0.9986063636758208,0.0013936363241792069,AGNlike
271,259.66876,0.8665959999999999,0.9972513933347283,0.0027486066652717125,AGNlike
272,181.42084,36.907322,0.999758033770399,0.0002419662296010607,AGNlike
273,247.80872000000002,9.873266000000001,0.9996394850909067,0.00036051490909329764,AGNlike
274,147.8028,35.601807,0.9250961062023741,0.07490389379762581,AGNlike
275,263.19237999999996,-0.52896965,0.9967194381724134,0.0032805618275865826,AGNlike
276,261.5513,0.97270805,0.9992380190456925,0.0007619809543074631,AGNlike
277,263.694,0.16362005,0.9868950573793184,0.013104942620681627,AGNlike
278,197.9949,36.754482,0.9997873325708136,0.00021266742918636688,AGNlike
279,250.1726,11.386075,0.9990081619282136,0.0009918380717863482,AGNlike
280,263.30222000000003,0.96051556,0.9888481118875404,0.0111518881124596,AGNlike
281,264.69806,0.35195622,0.9960817466619136,0.003918253338086428,AGNlike
282,263.97552,1.0717627,0.991047294726353,0.008952705273646996,AGNlike
284,220.85692999999998,30.773088,0.9988121171105403,0.0011878828894596894,AGNlike
285,277.4936,-9.854091,0.9998897583855686,0.00011024161443136117,AGNlike
286,265.97812000000005,0.3271905,0.9688617564963182,0.03113824350368176,AGNlike
287,267.9374,-1.0268956,0.9993544240282937,0.0006455759717063903,AGNlike
289,228.01486,28.68305,0.9992371144623722,0.0007628855376277799,AGNlike
290,267.02725,-0.010822311999999999,0.9994842606632638,0.0005157393367362017,AGNlike
291,268.28357,-0.579613,0.9964094493465249,0.00359055065347515,AGNlike
292,180.92274,41.709334999999996,0.9999204967161321,7.950328386780814e-05,AGNlike
293,239.3205,23.891560000000002,0.999828308153238,0.00017169184676197902,AGNlike
295,246.85936,19.746801,0.9995427931707135,0.00045720682928651455,AGNlike
296,154.41068,40.228348,0.9997513982634576,0.00024860173654242014,AGNlike
297,269.4578,0.42970848,0.9627663049362271,0.03723369506377296,AGNlike
298,144.79068,37.850307,0.9992892885805855,0.0007107114194145236,AGNlike
299,134.61452,33.796444,0.9998901185260991,0.00010988147390086384,AGNlike
300,270.39236,0.98678577,0.9987752510018129,0.0012247489981871817,AGNlike
301,147.63333,39.31993,0.9999563900821516,4.3609917848341116e-05,AGNlike
302,280.69565,-8.727072,0.9894403053379752,0.010559694662024777,AGNlike
303,274.01495,-1.2133914,0.9908416301559981,0.009158369844001904,AGNlike
304,275.3272,-2.1269085,0.992822376929668,0.007177623070331948,AGNlike
305,259.71167,15.074705999999999,0.9999525457732492,4.745422675078871e-05,AGNlike
306,263.73978,11.231114999999999,0.9998927590706652,0.0001072409293347987,AGNlike
308,139.73366000000001,37.62069,0.9999459849322537,5.401506774624345e-05,AGNlike
309,224.71835,40.384018,0.9999536663806081,4.6333619391878124e-05,AGNlike
310,221.38269,41.727722,0.9998913622870046,0.00010863771299537496,AGNlike
311,164.78171,46.4867,0.9999312603734981,6.873962650191656e-05,AGNlike
313,135.28877,35.86357,0.9995038583447474,0.0004961416552526024,AGNlike
314,275.93863,1.4039012,0.999901391259655,9.86087403449092e-05,AGNlike
315,265.98535,13.512757999999998,0.999960387127388,3.9612872612005345e-05,AGNlike
316,270.61093,8.497749,0.9999634029925468,3.659700745322356e-05,AGNlike
317,268.28857,11.236651,0.9998960959717489,0.00010390402825107195,AGNlike
318,135.42438,36.49873,0.9998822144003416,0.00011778559965839492,AGNlike
319,267.66602,13.0879345,0.9989283954548536,0.0010716045451464305,AGNlike
321,269.93344,11.513521,0.9910906004627377,0.008909399537262379,AGNlike
322,270.82886,10.560398,0.9999346869101606,6.531308983932596e-05,AGNlike
323,264.38513,18.707704999999997,0.9999385303638539,6.146963614604448e-05,AGNlike
324,277.95737,2.0954762,0.9998358462279765,0.0001641537720235269,AGNlike
325,263.3645,21.42083,0.995749590793707,0.004250409206292996,AGNlike
326,278.87955,2.6509616,0.9987310568546439,0.0012689431453560978,AGNlike
327,250.49252,35.747246000000004,0.999460129896767,0.0005398701032329813,AGNlike
328,282.71994,-1.0395072,0.9934609314677891,0.00653906853221084,AGNlike
329,149.18478000000002,46.906174,0.9985054820157127,0.0014945179842873952,AGNlike
330,286.72684,-6.045768,0.9999104280770195,8.957192298053004e-05,AGNlike
331,284.8662,-3.2181122,0.9998303631146823,0.00016963688531763325,AGNlike
332,274.9322,11.488272,0.9999472569975765,5.274300242354319e-05,AGNlike
333,283.25347999999997,-0.68280596,0.9953186174471327,0.004681382552867342,AGNlike
334,150.70985,48.033752,0.9997564919975236,0.00024350800247643472,AGNlike
335,274.12557999999996,13.289148,0.9999102755452635,8.97244547364872e-05,AGNlike
336,265.6098,24.457577,0.9997220257067854,0.00027797429321466723,AGNlike
337,240.99455,45.4017,0.999415804003434,0.0005841959965660588,AGNlike
338,250.02695,39.599792,0.9999140265946344,8.597340536568522e-05,AGNlike
339,212.51039,55.025195999999994,0.9997560046642081,0.0002439953357918545,AGNlike
340,155.04593,50.148857,0.9997625328577645,0.00023746714223549857,AGNlike
341,281.41,3.197838,0.9985548913060412,0.0014451086939587128,AGNlike
342,286.9498,-5.01415,0.9996910459833543,0.0003089540166456729,AGNlike
343,284.4052,0.022287027999999997,0.9735933678714581,0.026406632128541836,AGNlike
344,272.90482000000003,18.53579,0.999870074145357,0.0001299258546429469,AGNlike
345,259.60388,34.91793,0.9993264046032375,0.0006735953967624398,AGNlike
346,253.87263,40.506702000000004,0.9999555732742255,4.4426725774586715e-05,AGNlike
347,135.25826999999998,39.973797,0.9995291996233441,0.00047080037665590726,AGNlike
348,147.6155,48.522575,0.9997779490190691,0.00022205098093083325,AGNlike
349,263.33966000000004,34.148827000000004,0.9997769660128997,0.00022303398710032466,AGNlike
350,278.70816,12.615111,0.996837284761134,0.0031627152388659916,AGNlike
352,193.23775,60.9287,0.999918896497373,8.110350262700309e-05,AGNlike
353,288.00613,-0.9672107,0.9833352320797112,0.016664767920288846,AGNlike
354,139.11755,45.355637,0.9999534760148693,4.652398513069342e-05,AGNlike
355,283.77615,7.726619,0.9994224971330709,0.0005775028669291123,AGNlike
357,204.64983999999998,63.073130000000006,0.9999746644050251,2.5335594974909364e-05,AGNlike
358,288.88257000000004,-0.49147785,0.9994177219815521,0.000582278018447914,AGNlike
359,259.60846000000004,45.586566999999995,0.9994509270148872,0.0005490729851127136,AGNlike
360,267.93097,36.770573,0.9999279533059854,7.20466940146668e-05,AGNlike
361,280.80298,17.069021,0.9997604621481193,0.00023953785188072108,AGNlike
362,291.96155,-5.994655000000001,0.9999587022342241,4.129776577590368e-05,AGNlike
363,289.73248,-1.0710026000000001,0.9751123224415922,0.024887677558407845,AGNlike
364,218.5703,64.01834000000001,0.9997831825350831,0.0002168174649168962,AGNlike
365,250.78243999999998,53.57094,0.9999183363352486,8.16636647513294e-05,AGNlike
366,270.68393,35.060196000000005,0.9999357421935509,6.425780644912878e-05,AGNlike
367,251.29851000000002,54.3382,0.9988713154073858,0.0011286845926141802,AGNlike
368,274.94977,31.031294,0.9997397209984339,0.00026027900156607104,AGNlike
369,261.6581,47.742979999999996,0.9999223922055204,7.760779447967026e-05,AGNlike
370,132.93782,41.9711,0.9987096937984874,0.0012903062015126084,AGNlike
371,183.69153,65.99282,0.9998716826552174,0.00012831734478261814,AGNlike
372,270.48828,38.476677,0.9989286033288335,0.0010713966711664953,AGNlike
373,286.1453,10.611215,0.9995713774620685,0.00042862253793151284,AGNlike
374,166.5196,63.465343000000004,0.9994428774610457,0.0005571225389543186,AGNlike
375,255.47101,55.00294,0.9998782248154576,0.00012177518454236074,AGNlike
377,241.15257000000003,62.982783999999995,0.9991892134895617,0.0008107865104382872,AGNlike
378,291.6333,-0.5680487,0.9986442061074046,0.0013557938925954078,AGNlike
379,269.06296000000003,46.638348,0.9999476200454758,5.2379954524184094e-05,AGNlike
381,278.8841,31.809541999999997,0.9999842509157443,1.574908425567789e-05,AGNlike
382,263.40033,53.347390000000004,0.9998328164466705,0.00016718355332944355,AGNlike
383,292.90384,-1.5064886,0.9998802404064191,0.00011975959358094357,AGNlike
384,272.94192999999996,42.960064,0.9999598907863129,4.0109213687179556e-05,AGNlike
385,289.14804,9.30172,0.9998053598931762,0.00019464010682379663,AGNlike
386,287.38257000000004,14.338709,0.9999086207702333,9.137922976664979e-05,AGNlike
387,211.51497,70.70778,0.9964960686852494,0.0035039313147506245,AGNlike
388,289.20302999999996,10.462621,0.9957355792080896,0.004264420791910391,AGNlike
390,294.79016,-1.0660292,0.992633967723492,0.007366032276508046,AGNlike
391,275.43552,52.705055,0.999949946928913,5.005307108698006e-05,AGNlike
392,296.94165,-6.260113700000001,0.9986783047477844,0.0013216952522155673,AGNlike
393,296.13556,-1.3421633999999998,0.9974276235738974,0.0025723764261026865,AGNlike
394,292.10828,15.363338,0.9999789017639373,2.109823606265628e-05,AGNlike
395,295.8423,2.219096,0.999908362031926,9.163796807397777e-05,AGNlike
396,281.51202,49.33286,0.9999560299922731,4.3970007726937465e-05,AGNlike
397,296.6034,-0.5804385999999999,0.9502908996247199,0.04970910037528008,AGNlike
398,296.9778,-1.2074835,0.9949304092010625,0.005069590798937532,AGNlike
399,284.2849,46.457333,0.9999298096241512,7.019037584872836e-05,AGNlike
400,296.39612,4.9595027,0.9993148396631029,0.000685160336897119,AGNlike
402,287.09902999999997,43.591640000000005,0.9990581525019367,0.0009418474980632776,AGNlike
404,297.28384,1.1671392,0.9812314226202441,0.018768577379755895,AGNlike
406,297.1379,2.4983559,0.9994513818684752,0.0005486181315248109,AGNlike
407,288.62915,42.978966,0.9998893758177659,0.00011062418223403658,AGNlike
409,298.308,-2.2492628,0.9807392428347562,0.019260757165243735,AGNlike
411,267.0914,71.774086,0.9998484288268399,0.00015157117316010358,AGNlike
412,296.79413,7.1539826,0.9998358814984367,0.00016411850156326124,AGNlike
413,298.41177000000005,-1.8487557000000001,0.9943225407607534,0.0056774592392465194,AGNlike
414,297.66247999999996,3.0545275000000003,0.9953168905588504,0.004683109441149577,AGNlike
416,297.9862,1.4679011,0.9993345770690959,0.0006654229309041397,AGNlike
417,297.87177,2.383833,0.9987245288797363,0.0012754711202637248,AGNlike
418,295.8925,18.079628,0.9990862056663131,0.0009137943336868565,AGNlike
419,292.03503,38.777621999999994,0.9998277922123011,0.0001722077876988994,AGNlike
420,298.2074,3.5635237999999996,0.9988402387927541,0.0011597612072459106,AGNlike
421,280.08099999999996,66.922195,0.9999469036799952,5.3096320004871005e-05,AGNlike
422,287.23694,55.79061,0.9999504947908769,4.950520912303845e-05,AGNlike
423,290.17413,48.0283,0.9993152505900436,0.000684749409956484,AGNlike
425,293.20374,37.218723,0.988094215775956,0.01190578422404394,AGNlike
426,290.01153999999997,51.22011,0.9999186279916442,8.137200835579031e-05,AGNlike
427,298.5321,6.635302,0.9997485189160656,0.00025148108393433964,AGNlike
428,294.01416,37.35705,0.9999665876626264,3.341233737362115e-05,AGNlike
429,294.63467,34.60864,0.999525824855046,0.00047417514495399826,AGNlike
430,289.7109,55.517765000000004,0.997355252595212,0.002644747404788044,AGNlike
431,126.23276000000001,46.759975,0.9997173038308416,0.0002826961691584172,AGNlike
433,298.80444,13.548376999999999,0.9984091903220924,0.0015908096779075963,AGNlike
434,300.85303,-6.535043,0.999918176715311,8.182328468897914e-05,AGNlike
435,297.39474,31.826675,0.999757018125574,0.00024298187442599377,AGNlike
437,300.85855,-2.4016714,0.991167635450522,0.00883236454947805,AGNlike
438,284.45,75.76355,0.9998957824318605,0.0001042175681395259,AGNlike
439,292.09222,80.16694,0.9996777315614098,0.0003222684385902297,AGNlike
440,302.11172,0.30641162,0.9987856933068754,0.0012143066931246081,AGNlike
441,302.85132000000004,8.465163,0.9999241723874299,7.582761257008192e-05,AGNlike
442,302.84362999999996,13.151357999999998,0.9999819883651812,1.8011634818805407e-05,AGNlike
443,303.2929,37.521361999999996,0.9996718047918421,0.00032819520815783557,AGNlike
444,303.53595,17.593110999999997,0.9998780208966861,0.00012197910331389956,AGNlike
445,121.12844,63.62399,0.9976722230561841,0.0023277769438159374,AGNlike
446,303.55365,-0.7909165,0.9998026470486533,0.00019735295134673498,AGNlike
447,121.78851999999999,51.209465,0.9994238046870937,0.0005761953129062697,AGNlike
448,304.6154,28.74454,0.9998301499239005,0.0001698500760995079,AGNlike
450,304.99557000000004,15.58671,0.9959618951201076,0.004038104879892446,AGNlike
452,311.86197000000004,68.308716,0.9997757436966167,0.00022425630338332076,AGNlike
454,306.08945,22.177367999999998,0.9996669480304836,0.00033305196951634113,AGNlike
455,313.75375,66.29058,0.9999340147748464,6.598522515354635e-05,AGNlike
456,305.28833,5.2880435,0.9997476408294708,0.00025235917052923273,AGNlike
458,122.022575,36.51014,0.9975081410551678,0.002491858944832166,AGNlike
459,305.30948,-0.18597339999999998,0.9973537059030215,0.0026462940969784955,AGNlike
460,305.3724,0.24322052,0.9689172820494637,0.031082717950536333,AGNlike
464,308.5073,22.950409,0.9993115205747398,0.0006884794252602222,AGNlike
465,313.3385,50.517628,0.9998759446991422,0.0001240553008577714,AGNlike
466,307.92532,16.658659,0.9999530000052604,4.699999473961256e-05,AGNlike
467,306.0755,-1.4774823000000001,0.9888633637362305,0.011136636263769453,AGNlike
468,306.23532,-0.26012644,0.9975426344681064,0.0024573655318935956,AGNlike
469,307.93307000000004,8.308978999999999,0.9998515505727463,0.0001484494272536594,AGNlike
470,82.31492,79.11867,0.9996031592691427,0.0003968407308573569,AGNlike
472,307.5635,1.3843493,0.9963181419332761,0.0036818580667238865,AGNlike
473,311.39127,20.253325,0.9998177645071212,0.00018223549287871556,AGNlike
474,310.97324,17.602787,0.9996750530547344,0.0003249469452656313,AGNlike
475,312.08867999999995,23.158276,0.9972983953535532,0.0027016046464467974,AGNlike
477,310.92352,16.413776000000002,0.999927394302604,7.260569739597726e-05,AGNlike
478,311.8878,21.23215,0.9999055872359963,9.44127640037104e-05,AGNlike
479,310.88912999999997,15.245246,0.9999063869235189,9.361307648114299e-05,AGNlike
480,311.6426,16.904009,0.999881027125308,0.00011897287469196115,AGNlike
481,307.70444,-6.0708470000000005,0.999298376446674,0.0007016235533260449,AGNlike
483,105.52033999999999,61.722496,0.9998335516784687,0.0001664483215313272,AGNlike
484,117.39931999999999,43.367226,0.9979053170392351,0.002094682960764869,AGNlike
485,303.73892,-24.231112,0.9998181702759777,0.00018182972402221837,AGNlike
486,310.42672999999996,3.5403957000000004,0.9987665551764616,0.0012334448235383415,AGNlike
487,318.63535,33.097652000000004,0.9989698190579946,0.0010301809420053063,AGNlike
488,310.0007,0.34008345,0.9899919005487294,0.010008099451270614,AGNlike
489,308.9998,-5.691724,0.9992803187198404,0.0007196812801596844,AGNlike
490,338.15842000000004,60.907546999999994,0.9903589570431928,0.009641042956807289,AGNlike
492,306.52612,-15.418785999999999,0.9998647350958537,0.00013526490414633247,AGNlike
493,311.10152999999997,1.3609829,0.9828278302574908,0.017172169742509253,AGNlike
494,69.38544499999999,72.83014,0.9998800455541871,0.00011995444581287559,AGNlike
495,322.35284,36.00356,0.9210067712095624,0.07899322879043759,AGNlike
496,311.24225,0.9047573,0.9926072671626129,0.007392732837387051,AGNlike
498,311.21887000000004,0.47369722,0.9975817218398062,0.0024182781601938138,AGNlike
499,319.79147,28.270546000000003,0.9999698767676263,3.01232323737345e-05,AGNlike
503,314.07352000000003,8.651647,0.9999110149881242,8.898501187584642e-05,AGNlike
505,312.01218,1.4167538999999998,0.9999083085300373,9.169146996273432e-05,AGNlike
506,326.36273,40.564663,0.9998733353666339,0.0001266646333660878,AGNlike
507,333.05014,50.029423,0.9997836719127978,0.00021632808720220713,AGNlike
508,321.90488,29.759008,0.9903898932236546,0.009610106776345478,AGNlike
509,73.327065,70.31529,0.9997464354161537,0.0002535645838463242,AGNlike
510,312.33582,1.2964513,0.9991541426335725,0.0008458573664275092,AGNlike
511,322.5072,30.628621999999996,0.9999082050536776,9.179494632237685e-05,AGNlike
512,319.3865,22.600672,0.9991486971026966,0.0008513028973033424,AGNlike
513,312.85535,2.6200995,0.9980996397075529,0.0019003602924470993,AGNlike
514,115.75397,41.9148,0.9997878853136493,0.00021211468635075944,AGNlike
515,310.85782,-4.899744,0.9975912005300264,0.0024087994699736074,AGNlike
516,314.56516,5.127897,0.9998290033450516,0.00017099665494837887,AGNlike
517,312.87186,0.06512243,0.9905204695999661,0.009479530400033956,AGNlike
518,311.66643999999997,-3.5457487000000003,0.9999425476845857,5.745231541429567e-05,AGNlike
519,331.39285,43.081534999999995,0.9999242652584357,7.57347415643474e-05,AGNlike
520,316.55426,10.213114,0.9932225957403007,0.006777404259699311,AGNlike
521,313.22205,0.17804383,0.9939190866605147,0.0060809133394853715,AGNlike
522,315.57662999999997,6.720523,0.9446628529810762,0.055337147018923734,AGNlike
523,313.2635,-0.06845592,0.9309296385669643,0.06907036143303565,AGNlike
524,313.5423,0.5613107,0.9985758948608822,0.001424105139117831,AGNlike
525,311.5033,-5.657828,0.999782001368339,0.00021799863166102276,AGNlike
526,313.41385,-0.42384833,0.9941453302621552,0.005854669737844803,AGNlike
527,327.63544,34.012756,0.9998492518959012,0.00015074810409878878,AGNlike
528,313.73697000000004,-0.040543556,0.9724476918182116,0.02755230818178839,AGNlike
529,312.37958,-4.4710540000000005,0.9992516649623405,0.0007483350376594316,AGNlike
530,306.9985,-18.08328,0.9971638907408551,0.002836109259144911,AGNlike
531,314.40128,-0.14765339,0.993589948124703,0.006410051875296926,AGNlike
532,340.85236000000003,47.846813,0.9938865887211289,0.0061134112788711,AGNlike
533,321.00982999999997,14.808187,0.9999177423406741,8.225765932595631e-05,AGNlike
534,319.38885,7.682587599999999,0.9919094885524317,0.008090511447568284,AGNlike
535,335.55966,36.23165,0.9995045534545227,0.0004954465454773108,AGNlike
536,1.3000323999999999,57.280407,0.9999404362839209,5.9563716079089164e-05,AGNlike
537,330.8373,28.798138,0.9991942728603741,0.0008057271396258505,AGNlike
538,326.25167999999996,20.676563,0.9999231204365893,7.687956341078858e-05,AGNlike
539,312.05273,-9.765410000000001,0.9999612616203031,3.873837969690698e-05,AGNlike
540,114.4737,39.189945,0.9996545589238999,0.00034544107610010743,AGNlike
541,61.958138,64.21431,0.9985986322229834,0.001401367777016635,AGNlike
543,317.8428,1.5231397,0.9634402736819963,0.036559726318003756,AGNlike
544,317.5017,0.091335036,0.9764810170020728,0.02351898299792718,AGNlike
545,341.5064,39.35992,0.9967598666285381,0.003240133371461949,AGNlike
546,327.8799,19.535645000000002,0.9984466982099042,0.0015533017900957863,AGNlike
547,325.81808,15.645249,0.9999437793489325,5.622065106749885e-05,AGNlike
548,319.61862,2.9864678,0.9907777275450165,0.009222272454983485,AGNlike
549,327.20833999999996,17.237053,0.9998901400527839,0.00010985994721616133,AGNlike
550,320.58353,4.212443,0.9960015328072882,0.0039984671927117705,AGNlike
551,317.61374,-1.5902919,0.9988232018466469,0.0011767981533531608,AGNlike
552,338.6024,32.566704,0.9994994166497129,0.0005005833502871122,AGNlike
553,318.95035,0.029016168999999998,0.9885617683839072,0.011438231616092804,AGNlike
556,322.9789,5.835338,0.9996484923935925,0.00035150760640744746,AGNlike
557,319.49637,-0.38275993,0.9729133236578729,0.027086676342127174,AGNlike
558,320.4883,1.0458133,0.9993794940921503,0.0006205059078496768,AGNlike
559,320.56207,0.19531913,0.9952239858274636,0.004776014172536376,AGNlike
560,320.57114,-0.06245137,0.9550449559019158,0.044955044098084124,AGNlike
561,335.3334,22.515461,0.9996593174672534,0.00034068253274656017,AGNlike
562,346.355,35.271126,0.9998802176753507,0.00011978232464926778,AGNlike
563,318.49292,-4.1896615,0.9997962101202106,0.00020378987978942071,AGNlike
564,74.22780999999999,56.416077,0.9999387050369782,6.129496302173981e-05,AGNlike
565,329.23026,12.676535000000001,0.9996589203448315,0.0003410796551684946,AGNlike
566,320.9508,-0.5562225000000001,0.9719911436417564,0.028008856358243524,AGNlike
567,328.42812999999995,10.732750999999999,0.9975527266046519,0.0024472733953481347,AGNlike
569,104.22222,43.894306,0.9999659795005978,3.402049940210491e-05,AGNlike
570,332.7247,15.984339000000002,0.9999666008186266,3.3399181373377576e-05,AGNlike
571,308.77588,-19.836657000000002,0.9998841181822591,0.00011588181774093627,AGNlike
572,329.5874,9.672478,0.9999798816082387,2.011839176129404e-05,AGNlike
573,333.64099999999996,15.278664000000001,0.9978253354399307,0.0021746645600693696,AGNlike
576,327.14264,5.651047,0.9913875487508926,0.008612451249107419,AGNlike
577,30.415138,53.4925,0.9998835238878068,0.00011647611219322838,AGNlike
578,321.24466,-3.3330832000000004,0.9960185874059008,0.00398141259409928,AGNlike
580,93.21616,48.081608,0.9999085518966345,9.144810336549335e-05,AGNlike
581,9.051523,45.405434,0.9997365768584269,0.00026342314157316545,AGNlike
582,334.0903,13.987453,0.9998629070878066,0.00013709291219342803,AGNlike
583,326.29385,2.7899556,0.9997750339251105,0.00022496607488953807,AGNlike
584,338.03766,18.343168,0.999817708477302,0.00018229152269797137,AGNlike
585,317.7071,-9.249748,0.9987035783050279,0.0012964216949720917,AGNlike
586,322.79352,-2.2900991000000004,0.9875599328648802,0.012440067135119803,AGNlike
587,60.611286,54.025845,0.9998638100416821,0.00013618995831782467,AGNlike
588,332.06347999999997,9.858917,0.9986807899086959,0.0013192100913040391,AGNlike
589,321.61105,-4.4745307,0.991435613222901,0.00856438677709908,AGNlike
590,330.31924,7.176514599999999,0.996988807248835,0.003011192751165005,AGNlike
591,321.18765,-5.2239227,0.9882272173074657,0.0117727826925343,AGNlike
592,10.868961,44.10242,0.9997998697910614,0.0002001302089385665,AGNlike
593,17.846220000000002,47.05324,0.9989824041193476,0.0010175958806524236,AGNlike
595,327.5067,2.5558697999999995,0.9332923941463396,0.06670760585366038,AGNlike
596,323.38277999999997,-3.1063666000000003,0.9995338203526107,0.0004661796473892924,AGNlike
597,323.2735,-3.5253862999999996,0.9995269782965785,0.000473021703421412,AGNlike
599,344.7576,22.603516,0.9981297327976325,0.0018702672023674805,AGNlike
600,51.54255,52.225307,0.999881536369532,0.00011846363046792554,AGNlike
601,331.76645,7.026671400000001,0.9996758693168329,0.0003241306831670699,AGNlike
602,340.48697000000004,17.045454,0.9998722924512743,0.00012770754872569532,AGNlike
603,330.7222,5.1089582,0.9994992977146728,0.0005007022853271325,AGNlike
604,328.58017,2.3707618999999998,0.9976442369098001,0.002355763090199948,AGNlike
605,333.17843999999997,7.9676557,0.999414337184599,0.0005856628154009794,AGNlike
606,327.4324,0.22128148,0.987747330184025,0.012252669815974934,AGNlike
607,93.4619,45.07481,0.9999704303259044,2.956967409562965e-05,AGNlike
608,334.53317000000004,8.582413,0.9999093362307047,9.066376929538459e-05,AGNlike
609,323.5966,-4.837719,0.9991699969573625,0.0008300030426374972,AGNlike
610,33.57526,47.788612,0.9999010797495947,9.892025040528942e-05,AGNlike
611,105.40880600000001,39.204456,0.999139957923583,0.0008600420764169803,AGNlike
612,318.14056,-11.981888,0.9996853937173358,0.00031460628266422074,AGNlike
613,61.258816,49.79609,0.9997991798988057,0.0002008201011942925,AGNlike
614,334.10767000000004,5.8580275,0.9979798099448074,0.002020190055192587,AGNlike
615,335.24945,6.544758,0.9998428184620001,0.00015718153799995237,AGNlike
617,324.73126,-5.699764,0.9990211904931522,0.000978809506847855,AGNlike
618,5.843262,33.647053,0.9999228616738912,7.713832610881693e-05,AGNlike
619,331.96664,2.2187881000000003,0.9991323746323559,0.0008676253676440304,AGNlike
620,26.246487,42.52129,0.9992535634351951,0.0007464365648048621,AGNlike
621,12.428963000000001,36.022476,0.9980610014808214,0.0019389985191785464,AGNlike
622,333.44836000000004,2.7639557999999997,0.9993239670498951,0.0006760329501048995,AGNlike
624,325.45752000000005,-6.432849,0.9954450847784766,0.0045549152215234225,AGNlike
627,335.64977999999996,4.302614,0.9981143461948881,0.001885653805111807,AGNlike
628,16.489317,36.91513,0.9968589999577608,0.0031410000422391953,AGNlike
629,336.46,5.0755925,0.998126909106964,0.0018730908930360303,AGNlike
631,358.67465,24.906782,0.9998837572295706,0.00011624277042947396,AGNlike
632,329.74699999999996,-2.7063904,0.9986940646316962,0.0013059353683038115,AGNlike
633,337.57724,5.326226,0.9968598908969638,0.0031401091030362235,AGNlike
636,332.27985,-0.6312988,0.9958371032109188,0.004162896789081195,AGNlike
637,336.29407000000003,3.4154315000000004,0.9991065311568201,0.0008934688431799056,AGNlike
639,332.5897,-0.61530745,0.9942945749906801,0.005705425009319912,AGNlike
640,333.19745,-0.019556167,0.9991266326659565,0.0008733673340435835,AGNlike
641,328.1972,-5.271107700000001,0.9997538532479602,0.0002461467520398529,AGNlike
643,333.1138,-0.41640782,0.9967043985747082,0.003295601425291861,AGNlike
644,350.65297999999996,16.452876999999997,0.9986237484904783,0.0013762515095216772,AGNlike
645,332.2804,-1.5072813999999999,0.9977513558993599,0.002248644100640098,AGNlike
646,317.67804,-15.511703500000001,0.9602452707916832,0.03975472920831683,AGNlike
647,335.53635,1.6242988,0.9888866180519434,0.011113381948056547,AGNlike
649,337.36658,3.3590698,0.997480542189273,0.002519457810727055,AGNlike
650,336.31992,2.2843673,0.9996231524761963,0.0003768475238036984,AGNlike
651,353.5376,18.13641,0.9997675410838187,0.0002324589161812336,AGNlike
652,319.62503,-13.964253,0.992268835874378,0.007731164125622045,AGNlike
653,334.12347,-0.15421294,0.9799003776275118,0.020099622372488187,AGNlike
654,337.97522000000004,3.62773,0.9536339786056468,0.04636602139435316,AGNlike
655,341.18478,6.6912746,0.9383172044354716,0.061682795564528374,AGNlike
656,337.098,2.5854235,0.9994200598622782,0.0005799401377217353,AGNlike
657,353.4894,17.603794,0.9978392960175297,0.0021607039824702557,AGNlike
658,334.62523999999996,-0.086029135,0.9978904702158613,0.0021095297841387307,AGNlike
659,338.41055,3.4546638,0.9998813654001092,0.00011863459989078379,AGNlike
660,94.24045600000001,40.180294,0.9999714090695407,2.859093045929235e-05,AGNlike
661,339.3115,4.3112082,0.9137902708779874,0.08620972912201262,AGNlike
662,328.63167999999996,-6.195918,0.9972495950141237,0.002750404985876358,AGNlike
664,334.81546000000003,-0.35898736,0.9932327623587547,0.006767237641245289,AGNlike
665,337.36566,1.9523884999999999,0.999801462570487,0.0001985374295129843,AGNlike
668,344.96268,8.676667,0.998951752669389,0.0010482473306110522,AGNlike
669,65.97261,43.12388,0.9999449366021195,5.506339788056291e-05,AGNlike
670,61.751534,42.903423,0.9726626212165689,0.02733737878343113,AGNlike
671,339.9166,2.873995,0.9990155956639687,0.0009844043360313626,AGNlike
673,67.64059,42.460987,0.9993735229905537,0.0006264770094463269,AGNlike
674,347.92654,9.845844,0.9998177409935368,0.00018225900646315157,AGNlike
675,337.41437,0.03242511,0.9328352499040671,0.06716475009593291,AGNlike
676,50.50551,40.785038,0.9996769794343615,0.00032302056563847137,AGNlike
677,352.5904,12.759099,0.999343682552363,0.0006563174476368996,AGNlike
678,330.56866,-6.542862400000001,0.9998278387258874,0.0001721612741125819,AGNlike
679,334.25122000000005,-3.3325294999999997,0.9997225154075462,0.00027748459245377705,AGNlike
681,336.2056,-1.7956508000000002,0.9947883339161857,0.0052116660838143316,AGNlike
682,351.6116,11.295538,0.977913095128214,0.02208690487178599,AGNlike
683,38.63477,37.330940000000005,0.9998391926450327,0.00016080735496721622,AGNlike
684,32.23362,34.91679,0.9922184596147904,0.007781540385209571,AGNlike
685,349.82294,9.242311,0.9984713208114354,0.0015286791885645993,AGNlike
686,37.253547999999995,36.10579,0.9999047431643604,9.52568356396349e-05,AGNlike
687,336.64355,-2.412195,0.9618031918153848,0.03819680818461528,AGNlike
688,35.057186,35.357185,0.9999269660841151,7.303391588490977e-05,AGNlike
689,342.71227999999996,2.7486175999999998,0.9984784384426699,0.0015215615573300233,AGNlike
690,334.44235,-4.362953,0.9962014640416288,0.0037985359583712058,AGNlike
691,340.81552,0.80478513,0.9820536319085075,0.01794636809149255,AGNlike
692,358.16393999999997,14.909766000000001,0.9839645315543638,0.016035468445636185,AGNlike
693,3.45151,18.349918,0.9999181237315253,8.18762684746642e-05,AGNlike
694,74.97876,39.960766,0.9999471062546925,5.2893745307512345e-05,AGNlike
696,340.6873,0.03385913,0.9519373177290859,0.04806268227091417,AGNlike
699,329.92325,-9.155266000000001,0.9938472480473092,0.006152751952690794,AGNlike
700,318.62735,-17.656084,0.9998422110575518,0.0001577889424482521,AGNlike
703,59.651196,38.683945,0.9991265057500506,0.000873494249949389,AGNlike
705,337.80655,-3.4246333,0.9999140647918765,8.593520812346572e-05,AGNlike
706,333.10306,-7.2365985,0.9964334383544138,0.003566561645586213,AGNlike
707,345.3499,2.2815819999999998,0.9987425184086535,0.001257481591346562,AGNlike
708,352.15524,7.6511005999999995,0.9982613987701,0.0017386012298999632,AGNlike
709,14.976123000000001,23.181635,0.9996423420005016,0.00035765799949843394,AGNlike
711,331.6246,-8.8213825,0.9998419261571214,0.00015807384287858637,AGNlike
712,345.82599999999996,2.2914202,0.9983761869879021,0.0016238130120979034,AGNlike
713,339.87958,-2.5117924,0.9988680905603468,0.0011319094396532198,AGNlike
714,341.13687000000004,-1.5282781,0.999605974711984,0.00039402528801598085,AGNlike
715,340.18692000000004,-2.4084165,0.9956604422044345,0.004339557795565452,AGNlike
717,5.996065,16.788904000000002,0.9912433589280234,0.008756641071976656,AGNlike
718,18.070988,23.900137,0.953213323547882,0.046786676452117947,AGNlike
720,340.9338,-2.2653692000000003,0.9990218898638908,0.0009781101361091586,AGNlike
721,335.93784,-6.218746,0.999361001359159,0.0006389986408410016,AGNlike
722,338.2998,-4.509958999999999,0.9989644974302767,0.0010355025697233301,AGNlike
723,340.72552,-2.7768900000000003,0.9977746815351091,0.0022253184648909114,AGNlike
724,357.5202,9.937774000000001,0.9999262736096566,7.372639034337205e-05,AGNlike
725,339.49985,-3.8463504,0.9990786733409093,0.000921326659090693,AGNlike
726,332.39505,-9.229002000000001,0.9937093333525209,0.006290666647479145,AGNlike
727,354.92694,7.664325999999999,0.9996046975457213,0.0003953024542786033,AGNlike
728,345.74304,0.42582232,0.9936757777612623,0.0063242222387377605,AGNlike
729,339.95142000000004,-4.0425059999999995,0.9973153070665016,0.002684692933498422,AGNlike
730,347.12744,1.3625180000000001,0.9984303829716514,0.0015696170283485238,AGNlike
731,339.16757,-4.699696,0.9990814540020783,0.0009185459979216956,AGNlike
732,338.43805,-5.405058,0.9728409994651753,0.02715900053482462,AGNlike
733,341.41402999999997,-3.221086,0.9989387512548809,0.0010612487451191301,AGNlike
734,340.88,-3.6233462999999997,0.9652094099268603,0.0347905900731397,AGNlike
735,346.039,0.23102646,0.9769790333136875,0.02302096668631249,AGNlike
736,341.8465,-2.992643,0.9938200440966142,0.006179955903385877,AGNlike
737,335.3053,-7.968744,0.9991675771147958,0.0008324228852041957,AGNlike
738,12.004873,17.805145,0.9911420578128874,0.008857942187112555,AGNlike
739,1.7542691000000004,10.944008,0.9985777251951483,0.0014222748048516938,AGNlike
740,17.441475,20.770594,0.9998839232446457,0.00011607675535433934,AGNlike
742,72.32396999999999,36.373783,0.9999540059732185,4.5994026781567104e-05,AGNlike
743,354.31876,5.4216037,0.999889507559982,0.00011049244001808405,AGNlike
744,32.22916,27.527777,0.9994759687259976,0.0005240312740023033,AGNlike
746,358.72902999999997,8.273246,0.9997843686889978,0.00021563131100217633,AGNlike
747,3.8427644,11.6571,0.9985204427309652,0.0014795572690348385,AGNlike
748,346.18567,-1.1619184,0.9991251627339296,0.0008748372660703699,AGNlike
749,8.504333500000001,13.857754000000002,0.9997288027743202,0.0002711972256798504,AGNlike
751,352.65103,3.0092595,0.9924892704311523,0.007510729568847673,AGNlike
752,345.22556000000003,-2.4922395,0.9989520057924931,0.0010479942075068932,AGNlike
753,45.051193,30.653633000000003,0.9999330885928687,6.691140713130271e-05,AGNlike
754,345.99246,-2.2298715000000002,0.9988152959532898,0.0011847040467102467,AGNlike
755,353.8027,3.2929642,0.9991090462800584,0.0008909537199416014,AGNlike
756,332.6033,-11.504703999999998,0.995287671952158,0.004712328047842092,AGNlike
757,347.2793,-1.4577785,0.9336161987558207,0.06638380124417934,AGNlike
758,344.25586,-3.593265,0.988746916910075,0.011253083089924997,AGNlike
759,41.687378,29.191544,0.9997139731703586,0.0002860268296413744,AGNlike
760,345.82043,-2.828351,0.9587241070269573,0.04127589297304267,AGNlike
761,336.33395,-9.321285000000001,0.999959902183043,4.009781695696883e-05,AGNlike
762,356.59756,4.6079870000000005,0.9979335875294512,0.002066412470548889,AGNlike
763,344.60385,-3.9046657,0.9990295912223842,0.0009704087776157299,AGNlike
764,28.94247,23.41902,0.9984842410845435,0.0015157589154565535,AGNlike
765,337.24417,-9.12776,0.9947480263415264,0.00525197365847368,AGNlike
766,48.06089,30.248648,0.9998434223746056,0.00015657762539440822,AGNlike
767,33.367523,25.142637,0.9997685745068328,0.00023142549316718927,AGNlike
768,348.62234,-1.4916631999999999,0.9986338459208216,0.001366154079178346,AGNlike
769,354.60275,2.5378191,0.9818163041306813,0.018183695869318704,AGNlike
770,355.0802,2.7155123,0.9970903787572654,0.002909621242734598,AGNlike
771,18.470137,17.479488,0.9983276583068246,0.0016723416931754577,AGNlike
772,357.29004,4.0928473,0.9961901879798825,0.003809812020117556,AGNlike
773,347.05167,-3.0039512999999998,0.9995553011827467,0.0004446988172532445,AGNlike
774,356.50696,3.1954992,0.9893205981400764,0.010679401859923594,AGNlike
775,5.5827737,9.03229,0.9992654194830836,0.0007345805169164075,AGNlike
776,31.00698,23.005679999999998,0.9924110308183335,0.007588969181666524,AGNlike
777,357.6154,3.5134608999999997,0.9979343641370522,0.002065635862947812,AGNlike
778,349.0008,-2.417209,0.9997910991577791,0.00020890084222091417,AGNlike
779,359.4041,4.5361237999999995,0.9998596565904322,0.0001403434095677895,AGNlike
780,26.228372999999998,20.227660999999998,0.998917114231587,0.001082885768412939,AGNlike
781,2.7944012000000003,6.5500183,0.99900031429452,0.0009996857054799862,AGNlike
782,15.064913,14.149928,0.9453158315930001,0.05468416840699987,AGNlike
783,351.72815,-0.82850605,0.9939092891786498,0.006090710821350149,AGNlike
784,352.1822,-0.58660406,0.9207172281490841,0.07928277185091598,AGNlike
785,8.730694,10.187956,0.9537949434577635,0.046205056542236556,AGNlike
786,352.9588,-0.33393459999999997,0.9581195716391318,0.041880428360868215,AGNlike
787,358.44318,3.222738,0.993432597427309,0.006567402572690922,AGNlike
788,346.6367,-4.647225,0.9969683702126263,0.003031629787373682,AGNlike
789,345.8183,-5.2698817,0.9967196212060736,0.0032803787939263856,AGNlike
790,357.961,2.6689675,0.9941191821599181,0.005880817840081899,AGNlike
792,350.60367,-2.3134854,0.9961491414758307,0.0038508585241692856,AGNlike
793,13.218732000000001,12.136191,0.9995713940376907,0.00042860596230936,AGNlike
794,6.906386,8.046402,0.9998360113763718,0.0001639886236282095,AGNlike
795,0.04461896,3.5821339999999995,0.9967584565105946,0.0032415434894054723,AGNlike
796,0.9830721,3.9837453000000003,0.9900609230204814,0.009939076979518525,AGNlike
797,358.287,2.120605,0.9986776519851422,0.0013223480148577438,AGNlike
799,2.3330402,4.6021056,0.9941914627513976,0.005808537248602374,AGNlike
800,4.2175025999999995,5.7212086,0.9904759229854385,0.009524077014561474,AGNlike
801,358.13757000000004,1.8106343999999996,0.9984234839087615,0.0015765160912385135,AGNlike
802,359.25203999999997,2.387382,0.9998366985390656,0.00016330146093435874,AGNlike
803,9.210132000000002,8.48901,0.9999119796015709,8.802039842913353e-05,AGNlike
804,17.421074,13.289512,0.9996370214723304,0.00036297852766966016,AGNlike
805,354.31273999999996,-1.1655407,0.9735412045492506,0.02645879545074933,AGNlike
806,358.46426,1.4203940000000002,0.9977925296700304,0.0022074703299695803,AGNlike
807,338.4925,-11.188498,0.9999722571488967,2.774285110332067e-05,AGNlike
808,355.1656,-0.9340400999999999,0.9989959314370599,0.001004068562940157,AGNlike
809,3.3922303,4.1907309999999995,0.9997726914422793,0.0002273085577207212,AGNlike
810,26.739553000000004,17.500656,0.9998953803085007,0.00010461969149938214,AGNlike
811,2.5618505000000003,3.5415926,0.9723286019841699,0.027671398015830073,AGNlike
812,356.04126,-0.7371542,0.9462943219599569,0.053705678040043066,AGNlike
813,14.632079000000001,10.609147,0.994866252687662,0.00513374731233799,AGNlike
814,0.65823543,2.0539584,0.9221317005482755,0.07786829945172447,AGNlike
815,2.16695,2.9799724,0.9944098917004097,0.005590108299590322,AGNlike
816,358.83066,0.84396935,0.9941656207522392,0.005834379247760808,AGNlike
817,356.7841,-0.47562146,0.9829528783470307,0.01704712165296925,AGNlike
819,7.415430499999999,6.0181146,0.9653045904625912,0.034695409537408815,AGNlike
820,359.48547,1.0026399,0.9993249199456528,0.0006750800543472421,AGNlike
821,354.69888,-2.025888,0.9893279566890519,0.010672043310948029,AGNlike
822,325.22534,-18.6867,0.996806259525176,0.003193740474824054,AGNlike
824,355.6433,-1.5696695,0.9971712209445519,0.002828779055448112,AGNlike
825,355.25107,-1.8643613,0.987919306353344,0.012080693646655954,AGNlike
827,3.9448502,3.4935660000000004,0.9492750650794686,0.05072493492053137,AGNlike
830,4.939572,3.7428932,0.999710989803407,0.0002890101965930201,AGNlike
831,358.10254,-0.5354291,0.9957685129323194,0.004231487067680632,AGNlike
832,357.66074,-0.87427604,0.9973356973813119,0.0026643026186880985,AGNlike
833,3.8710422999999996,2.9341104,0.9956740864427663,0.004325913557233646,AGNlike
834,355.7218,-2.1259099999999997,0.9993967047401774,0.0006032952598225645,AGNlike
836,357.42535,-1.1393976000000001,0.988342410223198,0.01165758977680202,AGNlike
837,354.0706,-3.2055972,0.993851618238615,0.006148381761384977,AGNlike
838,13.338002,8.452036999999999,0.9974712118015167,0.0025287881984833445,AGNlike
840,356.13705,-2.1874065,0.9904616657818223,0.009538334218177758,AGNlike
841,5.9404745000000005,3.7965896,0.9403210920677892,0.059678907932210735,AGNlike
842,48.096109999999996,24.492348,0.997778311293161,0.0022216887068390134,AGNlike
843,353.59042,-3.9068112,0.9995416937140951,0.00045830628590495104,AGNlike
844,357.5973,-1.4787017,0.9996344112115109,0.0003655887884891904,AGNlike
846,7.4700274,4.2952867,0.9795435659130914,0.02045643408690858,AGNlike
847,354.8895,-3.462644,0.9943599378269949,0.005640062173005104,AGNlike
848,28.628706,15.7417,0.9979050486947905,0.002094951305209513,AGNlike
849,6.4512496,3.3426495000000003,0.998616145323721,0.0013838546762789897,AGNlike
850,22.575216,12.555467,0.9990440597636115,0.0009559402363884375,AGNlike
851,357.28537,-2.2289596,0.9991508986123232,0.0008491013876768164,AGNlike
852,8.219928,4.255758,0.9959127819458671,0.004087218054132946,AGNlike
853,0.16780199,-0.6043984,0.9801445363607196,0.019855463639280382,AGNlike
854,40.729168,20.98126,0.9882999651890709,0.011700034810929062,AGNlike
855,5.083654,2.187343,0.997096676592899,0.0029033234071009287,AGNlike
856,358.05792,-2.179052,0.9850647741573018,0.014935225842698192,AGNlike
857,23.01728,12.221404,0.9981202423691454,0.0018797576308545753,AGNlike
858,351.98346000000004,-5.8692975,0.9512432580471966,0.048756741952803495,AGNlike
860,9.020430000000001,4.079134,0.9868416575324178,0.01315834246758223,AGNlike
861,347.45175,-8.646289999999999,0.99900403458633,0.000995965413669951,AGNlike
862,357.0851,-3.0788083,0.9998950599739578,0.00010494002604224924,AGNlike
863,10.236578,4.526611,0.9992205868677051,0.0007794131322948502,AGNlike
864,61.784954000000006,26.932353999999997,0.999618806663362,0.0003811933366380316,AGNlike
865,0.48425692,-1.4137444,0.9838364934106585,0.01616350658934154,AGNlike
866,358.41693,-2.6408026,0.9989305301796405,0.0010694698203594644,AGNlike
867,359.3042,-2.221519,0.9845596036913521,0.01544039630864791,AGNlike
868,346.9912,-9.316403999999999,0.9969060158699968,0.003093984130003177,AGNlike
870,49.965137,23.03509,0.9999745620754933,2.543792450665738e-05,AGNlike
871,348.22137000000004,-8.905598,0.9999119340841767,8.80659158232967e-05,AGNlike
872,347.20232999999996,-9.490864,0.995632554291715,0.004367445708284966,AGNlike
873,357.81433,-3.4921942,0.9985507159611449,0.001449284038855098,AGNlike
874,0.48208407,-2.0071337,0.994691751482375,0.005308248517625056,AGNlike
875,358.3818,-3.2707272,0.9872606012630673,0.01273939873693277,AGNlike
876,351.3878,-7.5157027,0.9951967463248368,0.004803253675163263,AGNlike
877,28.932524,13.440528,0.9959276356178127,0.00407236438218733,AGNlike
878,355.2323,-5.632989,0.9960453104064804,0.003954689593519599,AGNlike
879,1.4090614,-2.1090379,0.9915945371051997,0.008405462894800235,AGNlike
880,359.16406,-3.4585013,0.9976189765314393,0.0023810234685607413,AGNlike
881,2.558478,-1.5509823999999999,0.9960869311764085,0.003913068823591516,AGNlike
882,332.98532,-17.186884,0.9620661221332931,0.037933877866706836,AGNlike
884,9.738242,2.3856268,0.9995996924139418,0.0004003075860582156,AGNlike
885,350.77246,-8.480317,0.9998714248256187,0.00012857517438128236,AGNlike
886,25.868011,11.109007,0.9502497750230113,0.049750224976988715,AGNlike
887,24.441677,10.317203,0.9932987211646598,0.006701278835340228,AGNlike
889,15.576315,5.3025475,0.99271820920228,0.007281790797719941,AGNlike
890,23.957104,9.792352000000001,0.998149100501867,0.0018508994981330385,AGNlike
891,0.8087629,-3.2128398,0.9618198372409562,0.03818016275904384,AGNlike
892,5.85668,-0.3397608,0.9874231729326126,0.012576827067387397,AGNlike
893,1.4472839,-2.9222387999999997,0.9469792027509547,0.053020797249045334,AGNlike
895,2.4937169999999997,-2.4659332999999997,0.9333005448075786,0.06669945519242132,AGNlike
896,3.898164,-1.6982886000000001,0.9028361508395168,0.0971638491604831,AGNlike
897,349.2464,-9.850534,0.9996120905497187,0.00038790945028137195,AGNlike
898,6.1067976999999996,-0.610649,0.9979259295105883,0.0020740704894116548,AGNlike
900,62.906783999999995,25.052078,0.9919244468246724,0.008075553175327604,AGNlike
901,0.32564774,-4.0421247000000005,0.9981829793728,0.0018170206271999974,AGNlike
902,345.58994,-12.022354,0.9788718558341206,0.021128144165879343,AGNlike
903,3.2624865,-2.5582876,0.9985306831883165,0.0014693168116834598,AGNlike
904,326.8411,-20.355803,0.9993871446915319,0.000612855308468099,AGNlike
905,40.344883,16.915703,0.9937257778045541,0.0062742221954459765,AGNlike
906,50.47759,20.939339,0.9991962656517985,0.0008037343482014508,AGNlike
908,359.21024,-4.971009,0.9887575515586693,0.011242448441330686,AGNlike
911,19.619336999999998,6.236676,0.999875915047365,0.0001240849526351041,AGNlike
914,60.449486,23.665010000000002,0.9818212980470334,0.01817870195296651,AGNlike
915,358.03912,-6.199246,0.9993714730859223,0.0006285269140776295,AGNlike
916,15.504191,3.4754187999999995,0.9674285620023079,0.03257143799769213,AGNlike
917,2.8045797,-3.7896449999999997,0.999270107825701,0.0007298921742989789,AGNlike
918,54.757509999999996,21.528023,0.9974414800931827,0.0025585199068173413,AGNlike
920,18.259314,4.4372635,0.9556218900431158,0.044378109956884224,AGNlike
922,347.82047,-11.989285,0.9987526365476501,0.0012473634523498356,AGNlike
923,356.81653,-7.3960814,0.9998842370788401,0.00011576292115990115,AGNlike
924,355.34348,-8.180953,0.999458302266047,0.0005416977339529234,AGNlike
926,3.8966214999999997,-3.7572598,0.987564514606809,0.012435485393190917,AGNlike
927,0.9503425999999999,-5.60056,0.9986193643196524,0.001380635680347646,AGNlike
928,40.64297,15.127010999999998,0.9987334207879766,0.0012665792120234378,AGNlike
929,15.597787,2.339593,0.9447353236483981,0.05526467635160189,AGNlike
930,358.4481,-7.084233800000001,0.9998898579386726,0.00011014206132744168,AGNlike
931,4.112126399999999,-4.1016927,0.9996111597531169,0.0003888402468830793,AGNlike
932,15.344995999999998,1.8774376,0.9446574620365148,0.05534253796348522,AGNlike
934,20.479176000000002,4.502029,0.999165184273303,0.0008348157266969403,AGNlike
935,0.4777760999999999,-6.497667,0.9965119253131709,0.0034880746868290826,AGNlike
936,18.353931,3.0979326,0.9349742673920584,0.06502573260794163,AGNlike
937,55.24138000000001,20.195301,0.9993221496993984,0.0006778503006016488,AGNlike
939,325.56174,-21.862694,0.9998386369350265,0.00016136306497344433,AGNlike
941,2.1605515,-5.9517894,0.997277679574309,0.002722320425690972,AGNlike
943,6.0880523,-3.9610839999999996,0.9823474273543568,0.017652572645643197,AGNlike
944,358.34506,-8.055587,0.9857378274408644,0.014262172559135677,AGNlike
945,88.24848,27.621536,0.999685626254054,0.000314373745946053,AGNlike
948,3.2198130000000003,-5.8946190000000005,0.9677168838027471,0.03228311619725286,AGNlike
949,28.059421999999998,7.3435,0.9994766865546704,0.0005233134453296292,AGNlike
950,4.6474056,-5.1668863,0.9839468276625482,0.01605317233745189,AGNlike
951,330.40344,-20.548433,0.9963388765267296,0.0036611234732704095,AGNlike
952,18.156103,2.0674014,0.9978470097087393,0.002152990291260752,AGNlike
953,45.338592999999996,15.506453500000001,0.9997321519286623,0.0002678480713376749,AGNlike
954,1.9475327,-6.780869,0.999700108004185,0.00029989199581503334,AGNlike
955,359.95523,-7.9047136,0.9937281573536442,0.006271842646355834,AGNlike
957,18.803738,2.021424,0.9992715732211651,0.0007284267788348852,AGNlike
959,11.407475999999999,-2.0044563,0.9990396832307898,0.0009603167692101915,AGNlike
960,18.00163,1.4911469,0.9784709963164492,0.021529003683550776,AGNlike
961,52.94270699999999,18.143698,0.999970881003688,2.9118996312012954e-05,AGNlike
965,21.674994,3.295185,0.9973958288378643,0.0026041711621357273,AGNlike
968,3.2451209999999997,-6.776313,0.9957684435108607,0.004231556489139305,AGNlike
970,0.7662464,-8.23293,0.9996776739821371,0.0003223260178628579,AGNlike
971,96.54297,27.664628999999998,0.9999511388935899,4.886110641007778e-05,AGNlike
973,19.619411,1.0969604,0.9973994963214096,0.002600503678590418,AGNlike
974,347.1098,-15.087724,0.9994657926499434,0.0005342073500566262,AGNlike
977,357.93054,-10.35016,0.9938023975425747,0.006197602457425283,AGNlike
978,41.17476,11.637483,0.9961982549830536,0.0038017450169463957,AGNlike
979,24.167804999999998,3.1016934,0.9333186874132577,0.0666813125867422,AGNlike
980,340.3189,-18.049017000000003,0.9945834212758402,0.005416578724159757,AGNlike
981,52.059532,16.281736,0.999402779004423,0.0005972209955770158,AGNlike
983,338.64655,-18.923779,0.9998923435107411,0.00010765648925893724,AGNlike
984,4.708103700000001,-7.5863667,0.9285237692021394,0.07147623079786056,AGNlike
985,19.398073,-0.058210082,0.9068212032919238,0.09317879670807622,AGNlike
986,71.17585,22.324213,0.9993346660522279,0.0006653339477721129,AGNlike
988,18.54916,-0.92235494,0.9977233644476939,0.0022766355523060186,AGNlike
989,0.9514446,-9.897877000000001,0.9995265817848379,0.0004734182151621425,AGNlike
991,351.5106,-14.503476999999998,0.9975375643757993,0.0024624356242007057,AGNlike
992,16.948498,-2.2988122000000004,0.9997962161731031,0.00020378382689692175,AGNlike
994,17.47052,-2.0428273999999997,0.999806603040401,0.0001933969595990211,AGNlike
995,15.851745999999999,-3.0368624,0.999880211761422,0.00011978823857794302,AGNlike
996,2.411349,-9.806819,0.9738251413007688,0.026174858699231165,AGNlike
997,329.93393,-22.348944,0.9223295869690291,0.07767041303097091,AGNlike
999,29.087566,3.3728452000000004,0.9858139991518792,0.014186000848120793,AGNlike
1000,356.01675,-13.250003,0.9886682967672608,0.011331703232739252,AGNlike
1003,24.434818,0.3115942,0.9941346672651883,0.005865332734811748,AGNlike
1005,5.748501,-9.213954,0.9953964252997598,0.004603574700240238,AGNlike
1006,9.105238,-7.677046300000001,0.9987862131627955,0.0012137868372044717,AGNlike
1007,9.936136999999999,-7.6437984,0.9221231570697096,0.07787684293029036,AGNlike
1008,73.3764,21.130173000000003,0.9998641374885504,0.0001358625114496455,AGNlike
1009,26.710873,0.56137925,0.9263208968912161,0.07367910310878387,AGNlike
1010,0.93501914,-12.200508000000001,0.9996658108914229,0.0003341891085770587,AGNlike
1011,61.279366,16.705627,0.9987932616875278,0.0012067383124722286,AGNlike
1012,25.65043,-0.08675464,0.9388557385200091,0.0611442614799908,AGNlike
1014,67.39661,18.882637,0.9998784968012975,0.00012150319870255119,AGNlike
1015,18.129969,-4.1323023,0.9989669664284151,0.0010330335715848628,AGNlike
1016,16.445068,-5.3411802999999995,0.9866804687581975,0.01331953124180247,AGNlike
1018,350.8926,-17.032507,0.9999030718831525,9.692811684751999e-05,AGNlike
1021,20.689308,-3.999703,0.9989605677553067,0.0010394322446932803,AGNlike
1023,23.315006,-3.0662453,0.9983978725495204,0.0016021274504796376,AGNlike
1026,36.88621,3.5356373999999997,0.9984757300228464,0.0015242699771536128,AGNlike
1028,26.718159000000004,-1.9485618000000002,0.9695215738553731,0.030478426144626928,AGNlike
1031,1.109732,-14.298603,0.9930642875414084,0.006935712458591621,AGNlike
1033,332.5113,-23.700737,0.999932511700886,6.748829911401284e-05,AGNlike
1034,31.54713,-0.14576794,0.959523521823016,0.04047647817698402,AGNlike
1035,30.998490000000004,-0.66888255,0.9899853408026287,0.010014659197371276,AGNlike
1036,22.969717000000003,-4.8957489999999995,0.9873451129954888,0.012654887004511225,AGNlike
1039,34.904140000000005,0.6683866999999999,0.9798909937293437,0.020109006270656232,AGNlike
1041,10.771247,-11.429002,0.9994741622078924,0.0005258377921075529,AGNlike
1042,27.534107000000002,-3.389242,0.9983268654666152,0.0016731345333848538,AGNlike
1043,23.27619,-5.5821652,0.9984275097934603,0.001572490206539689,AGNlike
1044,359.62442000000004,-16.354572,0.9990131305002394,0.0009868694997605624,AGNlike
1046,40.442585,2.7732754,0.9974705134994001,0.0025294865005999574,AGNlike
1048,26.526712,-4.351378400000001,0.9577717381359139,0.042228261864086104,AGNlike
1050,35.073,-0.13642293,0.9510010053372336,0.048998994662766325,AGNlike
1051,22.396849,-6.633878999999999,0.9997330995250486,0.0002669004749513201,AGNlike
1052,49.239906,6.830717599999999,0.9965186939781787,0.0034813060218212683,AGNlike
1055,4.0709805,-15.361788,0.9997663562221856,0.00023364377781444373,AGNlike
1057,23.96777,-6.39048,0.9991591344286508,0.0008408655713492199,AGNlike
1058,342.0301,-22.726454,0.9956690530592583,0.00433094694074165,AGNlike
1060,351.9356,-19.924485999999998,0.9981861289047086,0.001813871095291386,AGNlike
1062,27.466608,-4.955482,0.9971159018903298,0.002884098109670148,AGNlike
1063,34.7043,-1.3086741000000002,0.9887235674570982,0.011276432542901832,AGNlike
1064,47.949753,5.2947764,0.999125306058421,0.000874693941579046,AGNlike
1065,347.03696,-21.741291,0.9995855587109927,0.00041444128900720037,AGNlike
1066,37.224909999999994,-0.34116748,0.9967861561858344,0.0032138438141655103,AGNlike
1069,40.71852,1.2641132,0.9683957948698725,0.03160420513012747,AGNlike
1070,14.038114000000002,-12.011958,0.999585070789729,0.00041492921027098636,AGNlike
1071,24.054312,-7.308552000000001,0.9997944291679862,0.00020557083201377406,AGNlike
1072,27.589421999999995,-5.6226,0.9974672087361621,0.0025327912638378742,AGNlike
1073,38.446926,-0.21540429999999997,0.9759723062864866,0.024027693713513477,AGNlike
1075,40.3479,0.6840546,0.9958345742036725,0.0041654257963274904,AGNlike
1076,4.073442,-16.491135,0.9997557899202083,0.00024421007979164917,AGNlike
1077,26.776232,-6.496360299999999,0.9552696763223015,0.04473032367769845,AGNlike
1078,336.9073,-24.677341000000002,0.9995303930503497,0.0004696069496502411,AGNlike
1079,9.553711,-14.727110999999999,0.9993415507831375,0.0006584492168625404,AGNlike
1080,28.069603000000004,-6.200762999999999,0.9881003968007195,0.011899603199280476,AGNlike
1081,345.53888,-22.93443,0.9999424256131425,5.7574386857456796e-05,AGNlike
1082,80.15328000000001,18.153082,0.9996530464000793,0.0003469535999206514,AGNlike
1084,49.61527,4.4507213,0.9862900561462996,0.013709943853700347,AGNlike
1085,16.491267999999998,-12.169567,0.9242236120093241,0.07577638799067582,AGNlike
1086,18.40847,-11.298912,0.9998621828479547,0.00013781715204533854,AGNlike
1088,356.69516,-20.181274,0.9957369511735081,0.00426304882649187,AGNlike
1089,42.199318,-0.077988505,0.9414936437241453,0.058506356275854626,AGNlike
1091,77.51122,16.550905,0.998928311561422,0.0010716884385779143,AGNlike
1092,350.23694,-22.540438,0.9995443457586,0.00045565424140005207,AGNlike
1093,43.140526,0.00033473648,0.9871982469173929,0.012801753082607111,AGNlike
1094,343.66235,-24.243185,0.999883840861086,0.00011615913891402417,AGNlike
1095,348.341,-23.260422,0.9992675363108399,0.0007324636891601172,AGNlike
1096,67.89760600000001,11.837739,0.9972107092255644,0.002789290774435581,AGNlike
1097,47.192554,1.4726971000000002,0.9215866733171947,0.07841332668280537,AGNlike
1098,77.17291999999999,15.776268,0.9988077668458202,0.0011922331541798139,AGNlike
1104,7.5218997000000005,-18.42003,0.9624759510410854,0.03752404895891463,AGNlike
1105,5.9606166,-19.164797,0.9928945719469446,0.007105428053055369,AGNlike
1106,57.287704000000005,4.973854,0.9972037020700755,0.002796297929924534,AGNlike
1108,11.749503,-17.578611,0.999870694459623,0.00012930554037707956,AGNlike
1109,48.31967,-0.19169088,0.9472107965415336,0.05278920345846637,AGNlike
1110,53.61495600000001,2.5086732000000005,0.9852877572439843,0.014712242756015702,AGNlike
1112,344.92734,-25.802912,0.9991420162329488,0.0008579837670511721,AGNlike
1114,50.902195,0.19600847,0.9956126276886064,0.004387372311393634,AGNlike
1116,50.43136,-0.32155859999999997,0.9785448859590692,0.021455114040930773,AGNlike
1117,51.240833,0.08552094,0.9865045475842422,0.013495452415757777,AGNlike
1118,51.151844,-0.24995027,0.9943891104918854,0.005610889508114632,AGNlike
1119,52.716537,-0.088364385,0.9216037034357046,0.07839629656429536,AGNlike
1121,12.094533,-20.655813000000002,0.9853054576572482,0.014694542342751752,AGNlike
1122,24.243406,-16.02347,0.9931266606565103,0.006873339343489699,AGNlike
1123,47.27727,-4.511293,0.9980379699381973,0.001962030061802742,AGNlike
1124,32.597115,-12.372313499999999,0.999602473845645,0.00039752615435490574,AGNlike
1125,55.22214,-0.77151924,0.9415815207363016,0.05841847926369836,AGNlike
1126,33.893879999999996,-12.322288,0.9995813035911789,0.00041869640882111604,AGNlike
1127,26.781316999999998,-16.377941,0.9771864830747427,0.022813516925257352,AGNlike
1128,14.687042000000002,-21.358079999999998,0.9982614946988596,0.0017385053011404062,AGNlike
1129,64.169235,2.3913786,0.9923187005952746,0.007681299404725377,AGNlike
1130,76.8197,9.266342999999999,0.9819000894661778,0.018099910533822153,AGNlike
1131,24.861954,-19.010407999999998,0.9968681464241721,0.0031318535758278784,AGNlike
1132,39.839317,-12.098929,0.99847243508354,0.00152756491645997,AGNlike
1133,54.824172999999995,-3.8491445,0.999161647894642,0.0008383521053580263,AGNlike
1134,28.913813,-17.564497,0.9822413158253689,0.017758684174631088,AGNlike
1135,11.696633,-24.218626,0.9982811451454218,0.0017188548545782813,AGNlike
1136,69.51043,4.243933999999999,0.9786455322597739,0.021354467740226056,AGNlike
1137,25.696151999999998,-19.38721,0.9977349467729867,0.002265053227013307,AGNlike
1138,61.112038,-1.1309466000000001,0.9864898666072105,0.013510133392789517,AGNlike
1139,62.12005,-0.6483833999999999,0.9441816175882131,0.05581838241178696,AGNlike
1140,313.73013,-29.231207,0.9996402811786916,0.0003597188213083955,AGNlike
1141,63.011917000000004,-0.27080056,0.9929346478189239,0.007065352181076077,AGNlike
1142,73.83676,5.68631,0.9997117257705377,0.00028827422946231486,AGNlike
1143,61.63247,-1.8682328000000001,0.9875347147861977,0.012465285213802286,AGNlike
1144,62.838474,-1.2185556,0.9915881591195268,0.008411840880473165,AGNlike
1145,348.10245,-30.511244,0.9999689759165903,3.10240834097016e-05,AGNlike
1146,325.2167,-30.905136,0.9964742966308557,0.0035257033691442324,AGNlike
1147,51.784195000000004,-8.5456505,0.9998648064473282,0.0001351935526717511,AGNlike
1148,335.52145,-31.649939,0.9998378933678171,0.00016210663218283106,AGNlike
1149,57.313065,-5.9339004,0.9971438834115567,0.0028561165884433645,AGNlike
1150,31.776405,-20.069809,0.9943540006674784,0.005645999332521624,AGNlike
1151,71.098526,1.0918635,0.9984617609391355,0.0015382390608644234,AGNlike
1152,330.4363,-32.194798,0.9998065028058233,0.00019349719417667322,AGNlike
1153,38.106358,-18.462978,0.9996917497700045,0.0003082502299955174,AGNlike
1154,9.644623,-29.11403,0.9983278243993875,0.0016721756006125358,AGNlike
1155,63.952477,-4.0056633999999995,0.9823311586785509,0.017668841321449077,AGNlike
1156,56.454803000000005,-8.827297999999999,0.9997227254051104,0.00027727459488960805,AGNlike
1157,21.3239,-26.352562,0.9800298371548817,0.019970162845118353,AGNlike
1158,345.96164,-33.27728,0.9999376883607826,6.23116392174198e-05,AGNlike
1159,305.81165,-28.05511,0.9998382871617486,0.0001617128382514073,AGNlike
1160,73.62167,-0.07991234,0.9947918563770708,0.005208143622929213,AGNlike
1161,49.110733,-16.390066,0.9996301361814535,0.0003698638185465252,AGNlike
1162,74.74949000000001,-0.42512813,0.999505538391179,0.0004944616088210009,AGNlike
1163,24.155886,-28.770535,0.9881257548485639,0.011874245151436121,AGNlike
1164,84.33202,5.3418074,0.9956403849467838,0.00435961505321628,AGNlike
1165,57.273228,-13.444169,0.9779613862730815,0.022038613726918562,AGNlike
1167,53.94401,-16.394358,0.9956666713005105,0.004333328699489597,AGNlike
1168,358.23254,-35.488316,0.9580797900649952,0.041920209935004754,AGNlike
1169,348.38428,-36.063629999999996,0.9999551611337728,4.483886622720349e-05,AGNlike
1170,64.66334499999999,-9.738138000000001,0.9993680762957207,0.0006319237042793305,AGNlike
1172,50.962204,-19.88716,0.999596512801142,0.00040348719885796455,AGNlike
1173,43.549377,-24.184753,0.9957834098508483,0.0042165901491516755,AGNlike
1174,92.9894,9.512303999999999,0.9947759132527808,0.005224086747219144,AGNlike
1175,15.615147,-34.404167,0.9999423830284968,5.761697150324578e-05,AGNlike
1176,81.52714,0.5427818,0.9215637116501797,0.0784362883498203,AGNlike
1177,6.3373585,-36.54645,0.9887445935062349,0.011255406493765129,AGNlike
1178,341.26794,-37.146522999999995,0.9342256917172655,0.0657743082827345,AGNlike
1179,12.026606,-35.81451,0.9999172318755608,8.276812443917778e-05,AGNlike
1180,49.154896,-22.41711,0.999884960254351,0.00011503974564893056,AGNlike
1181,334.60904,-36.58385,0.9999679610280193,3.203897198070057e-05,AGNlike
1183,344.92477,-37.778313,0.9999157421553376,8.425784466235969e-05,AGNlike
1184,60.25578,-16.274835999999997,0.9998932436189782,0.00010675638102178085,AGNlike
1185,65.06355,-13.278037,0.991470712247742,0.008529287752257995,AGNlike
1187,68.64576,-11.164032,0.999715437131311,0.0002845628686890259,AGNlike
1188,326.09143,-35.461548,0.9848233936441897,0.015176606355810363,AGNlike
1189,30.075851,-32.605290000000004,0.9947525478756694,0.005247452124330591,AGNlike
1190,343.79407000000003,-38.404987,0.9999177727813556,8.222721864441793e-05,AGNlike
1191,83.909515,0.31586808,0.9144488726083467,0.08555112739165328,AGNlike
1192,20.160492,-36.010777000000004,0.9997801715206756,0.00021982847932448362,AGNlike
1193,82.10027,-1.7424916000000001,0.999316820738236,0.0006831792617639912,AGNlike
1194,14.291387,-37.67555,0.9951749784766933,0.004825021523306635,AGNlike
1195,93.5011,7.126396000000001,0.9994578401896236,0.000542159810376452,AGNlike
1196,84.98775,0.08970383,0.9594531404741836,0.0405468595258164,AGNlike
1197,95.12348,8.3137665,0.9998108642743799,0.00018913572562005292,AGNlike
1198,0.8839799999999999,-39.92286,0.999305798426837,0.0006942015731630688,AGNlike
1199,104.37174,15.2846985,0.9911216607926181,0.00887833920738185,AGNlike
1200,336.95193,-38.880802,0.9928497113859442,0.007150288614055797,AGNlike
1201,77.260345,-7.833695,0.9885288629768559,0.011471137023144024,AGNlike
1202,28.981740000000002,-36.13015,0.9999056679430076,9.433205699236871e-05,AGNlike
1203,62.34214,-19.987898,0.999677040127058,0.00032295987294191325,AGNlike
1204,356.93155,-41.11146,0.9999335862587169,6.641374128313847e-05,AGNlike
1205,90.67395,2.8425797999999998,0.9789511070642023,0.021048892935797682,AGNlike
1206,87.651054,-0.3190013,0.9193896402417063,0.08061035975829361,AGNlike
1207,68.44836,-16.818518,0.9999466560662142,5.334393378575565e-05,AGNlike
1208,109.93503600000001,18.324501,0.9994561871537989,0.0005438128462011035,AGNlike
1209,79.99376,-8.127682,0.9999125363253006,8.74636746993139e-05,AGNlike
1210,92.20521,2.913206,0.9995346656820037,0.0004653343179963313,AGNlike
1211,83.543015,-5.431030000000001,0.9995475326331011,0.00045246736689884124,AGNlike
1213,91.76335999999999,1.148754,0.9998888050114546,0.00011119498854536326,AGNlike
1214,11.356277,-43.348853999999996,0.9996955694961009,0.0003044305038990613,AGNlike
1216,64.17345999999999,-23.86895,0.9998927223767221,0.00010727762327790113,AGNlike
1217,344.2388,-42.985209999999995,0.9999825510878455,1.744891215447552e-05,AGNlike
1218,82.8801,-8.273972500000001,0.9989987591421687,0.0010012408578312518,AGNlike
1219,85.42582,-5.9386334000000005,0.9998193930114524,0.0001806069885475896,AGNlike
1220,94.20894,2.2947576,0.9965756928959496,0.0034243071040503882,AGNlike
1221,10.525272,-44.876236,0.998298566027939,0.0017014339720609866,AGNlike
1222,57.750071999999996,-30.860363,0.9998259895454694,0.00017401045453061548,AGNlike
1223,76.97456,-17.644402,0.999617416470719,0.00038258352928094837,AGNlike
1224,41.350338,-40.610455,0.9976796706435641,0.0023203293564358486,AGNlike
1226,62.977959999999996,-32.42318,0.9973510977965774,0.0026489022034226037,AGNlike
1227,31.138845,-46.54336,0.9995921282387205,0.0004078717612795747,AGNlike
1228,105.45363600000002,9.873503,0.9998319445700675,0.00016805542993248923,AGNlike
1229,113.122795,18.004614,0.9986264732336664,0.0013735267663335777,AGNlike
1230,1.0683551000000002,-50.738045,0.9984861517762446,0.001513848223755415,AGNlike
1231,94.22873,-5.3190565,0.9995965526878934,0.00040344731210662345,AGNlike
1232,351.6276,-51.228443,0.9999743460481065,2.5653951893499533e-05,AGNlike
1233,321.27655,-41.051105,0.9975002224043181,0.0024997775956818753,AGNlike
1234,308.47897,-32.338257,0.943112461840171,0.05688753815982902,AGNlike
1235,80.15954,-26.545006,0.9999428855556534,5.7114444346615345e-05,AGNlike
1236,90.45528,-15.260689000000001,0.9908639274547124,0.009136072545287538,AGNlike
1237,76.25596999999999,-31.500832,0.9998400495106898,0.00015995048931014284,AGNlike
1239,98.081184,-7.7754517000000005,0.9802946469374395,0.019705353062560455,AGNlike
1240,320.7368,-42.8905,0.9940307776408901,0.005969222359109904,AGNlike
1241,106.94988000000001,5.2186275,0.9606459987527038,0.03935400124729617,AGNlike
1242,77.95573399999999,-34.471878000000004,0.9997893434587627,0.0002106565412373407,AGNlike
1243,55.01866999999999,-50.66223,0.9998722861247326,0.00012771387526742928,AGNlike
1244,108.39301,6.208464,0.9997910364886722,0.00020896351132782098,AGNlike
1245,109.26194,6.3686204,0.9994662167292835,0.0005337832707165411,AGNlike
1246,356.03513,-58.396584,0.999982609747733,1.739025226702636e-05,AGNlike
1247,83.80161,-33.798,0.9996956833633766,0.00030431663662342694,AGNlike
1248,320.34912,-44.883194,0.9999788856372736,2.1114362726485056e-05,AGNlike
1249,339.76727,-55.033333,0.9993034061488235,0.0006965938511764698,AGNlike
1250,337.54544,-54.713173,0.9999721018190711,2.7898180928800902e-05,AGNlike
1252,307.09628,-32.580996999999996,0.9846884940102508,0.015311505989749131,AGNlike
1253,328.228,-51.66281,0.9998465885295398,0.0001534114704601823,AGNlike
1254,109.303345,2.7830539,0.977984475834885,0.022015524165115,AGNlike
1255,75.79125,-46.581356,0.9998520461706746,0.0001479538293254003,AGNlike
1257,107.532646,-1.0613943000000001,0.9984254057971819,0.001574594202818148,AGNlike
1258,12.925608,-64.33623,0.9998958083393155,0.00010419166068455654,AGNlike
1259,108.22851999999999,-3.859776,0.9997357971651898,0.0002642028348102283,AGNlike
1260,345.44882,-63.55944399999999,0.9998576115926084,0.00014238840739158023,AGNlike
1261,119.7576,20.639174,0.9978443800407523,0.00215561995924773,AGNlike
1262,32.472733000000005,-68.74678,0.9991517562385709,0.0008482437614291531,AGNlike
1263,99.21594,-29.862540999999997,0.9999722961962839,2.770380371602845e-05,AGNlike
1264,112.07226599999998,0.799852,0.9203864604674667,0.07961353953253322,AGNlike
1265,86.86235,-49.25291,0.999726712439897,0.00027328756010306434,AGNlike
1266,335.6758,-62.34210600000001,0.999892440027799,0.0001075599722009921,AGNlike
1267,96.57991,-37.63661,0.99994504998377,5.495001623001653e-05,AGNlike
1268,99.118095,-33.460175,0.9994514075013277,0.0005485924986723868,AGNlike
1269,101.95449,-28.056122,0.999806324877706,0.00019367512229401048,AGNlike
1270,121.32613,23.318981,0.9997283328992619,0.00027166710073808217,AGNlike
1271,347.77837999999997,-67.50159000000001,0.9993376720042163,0.0006623279957837138,AGNlike
1272,35.837672999999995,-71.691216,0.9973254759196288,0.002674524080371116,AGNlike
1273,108.25911,-16.071558,0.9999429138172491,5.708618275087259e-05,AGNlike
1274,324.13562,-58.323432999999994,0.9946915937113817,0.005308406288618254,AGNlike
1275,77.58185,-63.309124,0.9996259070761613,0.00037409292383873866,AGNlike
1276,21.832333,-73.64514,0.9970881836693132,0.0029118163306868327,AGNlike
1277,104.91353600000001,-30.19838,0.9999085337349218,9.146626507819715e-05,AGNlike
1278,331.64456,-65.433975,0.9987650033323159,0.0012349966676840653,AGNlike
1279,331.01526,-65.282715,0.9995939994866795,0.00040600051332054975,AGNlike
1280,325.27686,-63.17333000000001,0.9999418908429358,5.8109157064132197e-05,AGNlike
1281,24.36291,-76.68557,0.999186891299754,0.0008131087002460187,AGNlike
1282,108.686775,-29.665385999999998,0.9996861131990561,0.00031388680094394543,AGNlike
1283,117.2592,4.5374217,0.9978113886064839,0.0021886113935161234,AGNlike
1284,321.33367999999996,-62.280384,0.9997452850031522,0.00025471499684777367,AGNlike
1285,311.62557999999996,-49.940033,0.9994225783209366,0.000577421679063346,AGNlike
1286,118.070526,6.2967830000000005,0.9993333461073174,0.0006666538926826052,AGNlike
1287,104.56470999999999,-46.256252,0.9990922670508473,0.0009077329491526536,AGNlike
